LOCATION ACCOUNT #,BUSINESS NAME,DBA NAME,CONFIRMED,STREET ADDRESS,CITY,ZIP CODE,LOCATION DESCRIPTION,MAILING ADDRESS,MAILING CITY,MAILING ZIP CODE,COUNCIL DISTRICT,LOCATION START DATE,LOCATION
0003073895-0001-0,PARADISE FACTORY LLC,,,385 W 20TH STREET,SAN PEDRO,90731-5503,385 20TH 90731-5503,,,,15,1/1/2018,"(33.7258, -118.2855)"
0003067561-0001-9,WALIBE SOLUTIONS INC,,,400 N MARINE AVENUE,WILMINGTON,90744-5629,400 MARINE 90744-5629,,,,15,1/1/2018,"(33.7744, -118.2629)"
0002201665-0001-0,DELTA-9 T.H.C.,DELTA-9 T.H.C,,824 E ANAHEIM STREET UNIT #B,WILMINGTON,90744-6833,824 ANAHEIM 90744-6833,824 E ANAHEIM STREET   UNIT #B,WILMINGTON,90744-6833,15,12/1/2006,"(33.7805, -118.2523)"
0002275038-0001-7,KUSH KORNER II,K.K.II,,813   CRISTOBAL AVENUE,WILMINGTON,90744-4708,813 CRISTOBAL 90744-4708,10058   SUNLAND BLVD,SUNLAND,91040-1649,15,9/13/2007,"(33.7816, -118.243)"
0002247121-0001-5,HERBAL SOLUTIONS SOUTHERN CALIFORNIA INC,EVOLV CANNABIS | LA BREA COMPASSIONATE CAREGIVERS,,25937   WESTERN AVENUE,LOMITA,90717-3361,25937 WESTERN 90717-3361,25937   WESTERN AVENUE,LOMITA,90717-3361,15,5/15/2007,"(33.7871, -118.3081)"
0003120815-0001-2,1429 LA LLC,,,1429   260TH STREET,HARBOR CITY,90710-3303,1429 260TH 90710-3303,1346   ELWOOD STREET,LOS ANGELES,90021-2413,15,1/1/2018,"(33.7872, -118.3022)"
0003120523-0001-2,1400 LA LLC,,,1429 260TH STREET UNIT #D,HARBOR CITY,90710-3303,1429 260TH 90710-3303,1346   ELWOOD STREET,LOS ANGELES,90021-2413,15,1/1/2018,"(33.7872, -118.3022)"
0003043880-0001-4,OPHIUCHUS INC,PCH HERBARIUM,,1605   PACIFIC COAST HIGHWAY   #107,HARBOR CITY,90710-2600,1605 PACIFIC COAST 90710-2600,,,,15,3/1/2018,"(33.7899, -118.3047)"
0002333808-0002-5,"GREEN EARTH PHARMACY, A CALIFORNIA NON-PROFIT MUTUAL BENEFIT CORPORATION",GREEN EARTH PHARMACY | KUSH,,1227 W 253RD STREET,HARBOR CITY,90710-2413,1227 253RD 90710-2413,,,,15,4/30/2007,"(33.795, -118.2982)"
0003075130-0001-2,KYLE S RYAN,,,1513   SEPULVEDA BLVD,TORRANCE,90501-5128,1513 SEPULVEDA 90501-5128,,,,15,1/1/2018,"(33.8157, -118.3039)"
0002246867-0001-7,SUNRISE CAREGIVER FOUNDATION INC,,,22865 LOCKNESS AVENUE,TORRANCE,90501-5103,22865 LOCKNESS 90501-5103,,,,15,3/13/2007,"(33.8176, -118.3065)"
0003068088-0001-4,CALMEDS FARMERS UNION,,,1606 LOCKNESS PLACE,TORRANCE,90501-5119,1606 LOCKNESS 90501-5119,1431 W PICO BLVD,LOS ANGELES,90015-2405,15,1/1/2018,"(33.8177, -118.3055)"
0003086540-0001-2,KC CURZ INC,,,22849   LOCKNESS AVENUE,TORRANCE,90501-5103,22849 LOCKNESS 90501-5103,,,,15,1/1/2018,"(33.8177, -118.3073)"
0002456876-0001-3,INFINITY MEDICAL ALLIANCE INC,,,1609   LOCKNESS PLACE,TORRANCE,90501-5119,1609 LOCKNESS 90501-5119,1609 LOCKNESS PLACE,TORRANCE,90501-5119,15,4/10/2007,"(33.8187, -118.3057)"
0002178173-0001-3,CRUZ VERDE INC,GREEN CROSS OF TORRANCE,,1658 W CARSON STREET SUITE # B C,TORRANCE,90501-2836,1658 CARSON 90501-2836,POST OFFICE BOX #955,NORTH HOLLYWOOD,91603-0955,15,11/1/2006,"(33.8314, -118.3079)"
0002221186-0001-3,HERBALCURE CORPORATION,HERBALCURE,,17601 S DENVER AVENUE,GARDENA,90248-3412,17601 DENVER 90248-3412,13274   FIJI WAY   SUITE #250,MARINA DEL REY,90292-7298,15,4/18/2011,"(33.8706, -118.2831)"
0002766766-0001-4,DUONG NGUYEN,ROLLING GREEN GROUP,,16400 S VERMONT AVENUE,GARDENA,90247-4914,16400 VERMONT 90247-4914,,,,15,3/7/2014,"(33.8825, -118.2912)"
0003068547-0001-6,BALL FAMILY FARMS,,,15001 S FIGUEROA STREET,GARDENA,90248-1721,15001 FIGUEROA 90248-1721,,,,15,1/1/2018,"(33.8957, -118.2842)"
0002257045-0001-9,THERAPEUTIC HEALTH COLLECTIVE,,,621 W ROSECRANS AVENUE UNIT #101,GARDENA,90248-1516,621 ROSECRANS 90248-1516,,,,15,6/20/2007,"(33.9018, -118.2858)"
0003078390-0001-2,LA TEST LABS LLC,LA TESTING LAB,,621 W ROSECRANS AVENUE   SUITE #104,GARDENA,90248-1516,621 ROSECRANS 90248-1516,621 W ROSECRANS AVENUE   SUITE #104,GARDENA,90248-1516,15,1/1/2018,"(33.9029, -118.2856)"
0003072724-0001-4,TOKERMAN FARMS LLC,,,13324   ESTRELLA AVENUE   UNIT #C,GARDENA,90248-1519,13324 ESTRELLA 90248-1519,,,,15,1/1/2018,"(33.9108, -118.2855)"
0003026102-0001-6,GREEN STUDIO COLLECTIVE,,NOT ON MAP,10924 S MAIN STREET,LOS ANGELES,90061-2028,10924 MAIN 90061-2028,,,,8,12/29/2015,"(33.9367, -118.2735)"
0002774878-0001-7,LOS ANGELES MEDICAL PRODUCTS AND SUPPLIES INC,,NOT ON MAP,10456 S VERMONT AVENUE,LOS ANGELES,90044-3136,10456 VERMONT 90044-3136,,,,8,9/15/2014,"(33.9412, -118.2916)"
0002117284-0002-2,ORGANICA INC,,Yes - retailer,5300 W 104TH STREET,LOS ANGELES,90045-6010,5300 104TH 90045-6010,,,,11,1/1/2018,"(33.9416, -118.3725)"
0003023253-0001-5,MARCUS MARTIN/CHERYL MARTIN,BOMB FLOWER SMOKESHOP,NOT ON MAP,8945 S WESTERN AVENUE   SUITE #A,LOS ANGELES,90047-3549,8945 WESTERN 90047-3549,1621 W 58TH STREET,LOS ANGELES,90062-2737,8,1/1/2018,"(33.955, -118.3094)"
0002627252-0001-8,KML CONSULTANT INC,,NOT ON MAP,9001 S NORMANDIE AVENUE,LOS ANGELES,90044-2023,9001 NORMANDIE 90044-2023,6709 LA TIJERA BLVD #568,LOS ANGELES,90045-2017,0,7/23/2012,"(33.9558, -118.3002)"
0002275032-0001-0,NICE DREAMS INC,GREEN CITY COLLECTIVE,,8405   PERSHING DRIVE   SUITE #100,PLAYA DEL REY,90293-7870,8405 PERSHING 90293-7870,4408 MEDLEY PLACE,ENCINO,91316-4343,11,5/29/2007,"(33.957, -118.4432)"
0002260907-0001-2,NATURES CURE INC,MEDMEN - LAX | MEDMEN LAX,,8740 S SEPULVEDA BLVD   #105,LOS ANGELES,90045-4000,8740 SEPULVEDA 90045-4000,5880 W JEFFERSON BLVD UNIT #G,LOS ANGELES,90016-3160,11,8/28/2007,"(33.9577, -118.3958)"
0003054895-0001-4,SCJ COLLECTIVE,,,8612 S CENTRAL AVENUE,LOS ANGELES,90002-1112,8612 CENTRAL 90002-1112,,,,9,1/1/2018,"(33.9596, -118.2561)"
0002666211-0001-7,GREEN LEAF VIP INC,,,8501 S FIGUEROA STREET,LOS ANGELES,90003-2785,8501 FIGUEROA 90003-2785,5050 GAGE AVENUE,BELL,90201-1547,8,2/20/2013,"(33.9611, -118.2827)"
0002178151-0001-7,LAX CC INC,,,8332 LINCOLN BLVD,LOS ANGELES,90045-2414,8332 LINCOLN 90045-2414,,,,11,10/1/2006,"(33.9619, -118.421)"
0002181088-0001-7,THE HOLISTIC CAREGIVERS INC,CRENSHAW HOLISTIC CAREGIVERS,,7415   CRENSHAW BLVD,LOS ANGELES,90043-4931,7415 CRENSHAW 90043-4931,,,,8,9/11/2006,"(33.9722, -118.3312)"
0003054740-0002-3,MR. T'S COLLECTIVE LLC,MR. T'S COLLECTIVE,,6820   CRENSHAW BLVD,LOS ANGELES,90043-4667,6820 CRENSHAW 90043-4667,36640   OBARIA WAY,LAKE ELSINORE,92532-3050,8,1/1/2018,"(33.9763, -118.3304)"
0003067599-0001-6,CLADE 9 MCKINLEY AVENUE LLC,,,6515   MCKINLEY AVENUE,LOS ANGELES,90001-1519,6515 MCKINLEY 90001-1519,,,,9,1/1/2018,"(33.9802, -118.2618)"
0003069829-0001-0,EJF INC,,,6483   STANFORD AVENUE,LOS ANGELES,90001-1533,6483 STANFORD 90001-1533,,,,9,1/1/2018,"(33.9802, -118.2634)"
0000725759-0003-9,KUSH VALLEY COLLECTIVE,THE ORIGINALS FACTORY AND WEED SHOP,Yes - retailer,6500   STANFORD AVENUE,LOS ANGELES,90001-1536,6500 STANFORD 90001-1536,,,,9,11/14/2006,"(33.981, -118.2624)"
0003074903-0001-3,WEN CHIEH LIU,,,655 E GAGE AVENUE,LOS ANGELES,90001-1511,655 GAGE 90001-1511,,,,9,1/1/2018,"(33.9821, -118.2627)"
0002248188-0001-6,VENICE ALTERNATIVE HEALING COLLECTIVE CO-OP,,Yes - retailer,817 E GAGE AVENUE,LOS ANGELES,90001-1515,817 GAGE 90001-1515,11664   NATIONAL BLVD   SUITE #425,LOS ANGELES,90064-3802,9,4/18/2011,"(33.9823, -118.2608)"
0003083727-0001-1,SUPER PREMIUM CANCORP INC,,,704 E 62ND STREET,LOS ANGELES,90001-1504,704 62ND 90001-1504,,,,9,1/1/2018,"(33.9829, -118.2629)"
0002175639-0001-5,EXCLUSIVE CAREGIVERS OF CALIFORNIA,,Yes - retailer,6200 S WILTON PLACE,LOS ANGELES,90047-1319,6200 WILTON 90047-1319,500 S GRAND AVENUE FLOOR #18,LOS ANGELES,90071-2609,8,9/30/2006,"(33.9833, -118.3148)"
0003076283-0001-0,WESTSIDE HYDE PROJECT LLC,,NOT ON MAP,2110   HYDE PARK BLVD,LOS ANGELES,90047-1018,2110 HYDE PARK 90047-1018,17252   HAWTHORNE BLVD   #274,TORRANCE,90504-1032,8,1/1/2018,"(33.985, -118.3158)"
0002233236-0001-4,GREEN DOT MEDICINAL CANNABIS PATIENT'S GROUP,GREEN DOT,Yes - retailer,4200 LINCOLN BLVD,MARINA DEL REY,90292-5618,4200 LINCOLN 90292-5618,4200 LINCOLN BLVD,MARINA DEL REY,90292-5618,11,3/15/2007,"(33.9868, -118.4444)"
0003067666-0001-0,1000 PALMS ASSOCIATES GROUP INC,COOKIES,NOT ON MAP,935 E 59TH STREET,LOS ANGELES,90001-1007,935 59TH 90001-1007,,,,9,1/1/2018,"(33.9877, -118.258)"
0002101730-0002-7,THE GREEN GODDESS INC,GREEN GODDESS COLLECTIVE | THE GREEN GODDESS COLLECTIVE,,1716 MAIN STREET,VENICE,90291-6612,1716 MAIN 90291-6612,1716 MAIN STREET,VENICE,90291-6612,11,10/1/2006,"(33.9877, -118.4708)"
0003086521-0002-8,ELISE MANAGEMENT,,,5717   TOWNE AVENUE   BUILDING,LOS ANGELES,90011-5331,5717 TOWNE 90011-5331,,,,9,1/1/2018,"(33.9901, -118.2681)"
0002072463-0001-5,MARINA CAREGIVERS' COOPERATIVE INC,,Yes - retailer,13453 BEACH AVENUE,MARINA DEL REY,90292-5623,13453 BEACH 90292-5623,,,,11,11/1/2005,"(33.9906, -118.4455)"
0002231857-0001-1,ALTERNATIVE MEDICINE GROUP INC,DOSIST AK,Yes - retailer,1423   ABBOT KINNEY BLVD,VENICE,90291-3740,1423 ABBOT KINNEY 90291-3740,POST OFFICE BOX #955,NORTH HOLLYWOOD,91603-0955,11,1/1/2007,"(33.9906, -118.4651)"
0002245715-0001-4,VENICE CAREGIVER FOUNDATION INC,MEDMEN ABBOT KINNEY,,1310   ABBOT KINNEY BLVD,VENICE,90291-3758,1310 ABBOT KINNEY 90291-3758,5880 W JEFFERSON BLVD UNIT #G,LOS ANGELES,90016-3160,11,5/11/2007,"(33.9909, -118.4678)"
0002184683-0001-5,CANTODIEM DISPENSING COLLECTIVE INC,MMD MARINA DEL REY,Yes - retailer,13356 W WASHINGTON BLVD,LOS ANGELES,90066-5108,13356 WASHINGTON 90066-5108,10612 CHIQUITA STREET,NORTH HOLLYWOOD,91602-3215,0,9/1/2006,"(33.9924, -118.4438)"
0002227550-0001-1,VFARM1509 INC,ROSE COLLECTIVE,,411   ROSE AVENUE,VENICE,90291-2629,411 ROSE 90291-2629,411   ROSE AVENUE,VENICE,90291-2629,11,2/8/2007,"(33.9979, -118.4749)"
0002274403-0001-9,HYPERION HEALING LLC,HYPERION HEALING LLC,,712 LINCOLN BLVD,VENICE,90291-2802,712 LINCOLN 90291-2802,1155 W RIO SALADO PARKWAYS,TEMPE,85281-2598,11,9/13/2007,"(33.9998, -118.464)"
0002181643-0001-9,THE COMPASSION NETWORK,MEDMEN VENICE | VENICE BEACH CARE CENTERS,,410 LINCOLN BLVD,VENICE,90291-2829,410 LINCOLN 90291-2829,,,,11,9/1/2006,"(34.0004, -118.4659)"
0002869211-0001-0,ABBIE HOME CARE SERVICES INC.,,,4710 S WESTERN AVENUE,LOS ANGELES,90062-2320,4710 WESTERN 90062-2320,13602 BRADLEY AVENUE,SYLMAR,91342-1104,8,11/16/2015,"(34.0008, -118.3089)"
0002097999-0001-3,CAC VENICE LLC,CALIFORNIA ALTERNATIVE CAREGIVERS,,122 LINCOLN BLVD #204,VENICE,90291-2859,122 LINCOLN 90291-2859,,,,11,2/13/2006,"(34.0021, -118.4696)"
0003068173-0001-6,"COSMIC EDIBLES, LLC",COSMIC,,1720 E 41ST PLACE,LOS ANGELES,90058-1504,1720 41ST 90058-1504,1601 N SEPULVEDA BLVD   BUILDING #269,MANHATTAN BEACH,90266-5111,9,3/16/2017,"(34.0067, -118.2425)"
0003075978-0001-9,MARY J'S KITCHEN INC,,,1801 E 41ST PLACE,LOS ANGELES,90058-1542,1801 41ST 90058-1542,,,,9,1/1/2018,"(34.0074, -118.2408)"
0002220478-0001-6,NEW AGE COMPASSION CARE CENTER CORP,,Yes - retailer,350 W MARTIN LUTHER KING JR BLVD,LOS ANGELES,90037-4529,350 MARTIN LUTHER KING JR 90037-4529,350 W MARTIN LUTHER KING JR BLVD,LOS ANGELES,90037-4529,9,1/29/2007,"(34.0108, -118.2796)"
0002854331-0002-1,PURE VAPE INC.,,,3690   NOAKES STREET,LOS ANGELES,90023-3222,3690 NOAKES 90023-3222,3940   LAUREL CANYON BLVD   UNIT #565,STUDIO CITY,91604-3709,14,1/1/2018,"(34.0139, -118.1967)"
0003087290-0001-3,MAVOD VENTURES INC,,,3411 S SAN PEDRO STREET,LOS ANGELES,90011-2436,3411 SAN PEDRO 90011-2436,528 S BROADWAY,LOS ANGELES,90013-2302,9,1/1/2018,"(34.0149, -118.2658)"
0003086159-0001-4,GG QUALITY MANUFACTURING,,,1550   CALZONA STREET   BUILDING,LOS ANGELES,90023-3254,1550 CALZONA 90023-3254,,,,14,1/1/2018,"(34.0152, -118.1962)"
0003078984-0001-6,VAMPA OIL LLC,,,3412   EMERY STREET,LOS ANGELES,90023-3811,3412 EMERY 90023-3811,,,,14,1/1/2018,"(34.0152, -118.2064)"
0003067661-0001-7,HYBRID L.A. INC,HYBRID LA,,3525 E 16TH STREET,LOS ANGELES,90023-3905,3525 16TH 90023-3905,,,,14,1/1/2018,"(34.0153, -118.2018)"
0003120554-0001-8,1512 LA LLC,,,1512   CALZONA STREET,LOS ANGELES,90023-3254,1512 CALZONA 90023-3254,1346   ELWOOD STREET,LOS ANGELES,90021-2413,14,1/1/2018,"(34.0155, -118.1961)"
0003080907-0001-9,"VANGARDE CULTIVATION, LLC",,,1507   MIRASOL STREET,LOS ANGELES,90023-3220,1507 MIRASOL 90023-3220,3455   HADLEY DRIVE,MIRA LOMA,91752-1375,14,1/1/2018,"(34.0155, -118.1999)"
0003226875-0001-3,HOLISTIC ESPERANZA LLC,HOLISTIC INDUSTRIES,Yes - retailer,1500 ESPERANZA STREET,LOS ANGELES,90023-3915,1500 ESPERANZA 90023-3915,1900 W PARK DRIVE,WESTBOROUGH,01581-3942,14,11/1/2020,"(34.0155, -118.2006)"
0003071577-0001-2,MATADA LLC,,,2417 E 25TH STREET,VERNON,90058-1208,2417 25TH 90058-1208,,,,14,1/1/2018,"(34.0155, -118.2294)"
0003080904-0001-5,GUS DIAZ,,,1451 MIRASOL STREET,LOS ANGELES,90023-0023,1451 MIRASOL 90023-0023,1060  3/4 N NORMANDIE AVENUE,LOS ANGELES,90029-2404,14,1/1/2018,"(34.0156, -118.1999)"
0003074392-0001-2,FILIFERA,,,2501 E 25TH STREET   UNIT #1,VERNON,90058-1210,2501 25TH 90058-1210,2501 E 25TH STREET   UNIT #1,VERNON,90058-1210,14,1/1/2018,"(34.0156, -118.2277)"
0003079687-0001-2,SPECTRUM GROWERS LLC,,,949 E 31ST STREET,LOS ANGELES,90011-2501,949 31ST 90011-2501,,,,9,1/1/2018,"(34.0156, -118.2582)"
0003070669-0001-9,KANNA KING FARMS COOPERATIVE CORPORATION,,,3547 E 15TH STREET,LOS ANGELES,90023-3903,3547 15TH 90023-3903,22215   DEVONSHIRE STREET,CHATSWORTH,91311-2737,14,1/1/2018,"(34.016, -118.2012)"
0003085474-0001-6,BOYLE BROTHERS 411 LLC,,,3411 E 15TH STREET,LOS ANGELES,90023-3822,3411 15TH 90023-3822,,,,14,1/1/2018,"(34.016, -118.2064)"
0003067636-0001-9,SWEET GREENZ LLC,,,2225   LONG BEACH AVENUE,LOS ANGELES,90058-1025,2225 LONG BEACH 90058-1025,7624   VICKY AVENUE,CANOGA PARK,91304-5440,9,1/1/2018,"(34.016, -118.2435)"
0003070669-0002-7,KANNA KING FARMS COOPERATIVE CORPORATION,,,3540   UNION PACIFIC AVENUE,LOS ANGELES,90023-3922,3540 UNION PACIFIC 90023-3922,,,,14,1/1/2018,"(34.0162, -118.2014)"
0003075609-0001-3,NOVA GROW LABS LLC,,,1455 ESPERANZA STREET,LOS ANGELES,90023-3928,1455 ESPERANZA 90023-3928,,,,14,1/1/2018,"(34.0163, -118.2012)"
0003075101-0001-6,CHRISTOPHER RYAN THOMAS,,,3236   UNION PACIFIC AVENUE,LOS ANGELES,90023-4203,3236 UNION PACIFIC 90023-4203,,,,14,1/1/2018,"(34.0165, -118.2099)"
0003070654-0003-9,PACIFIC WEST DISTRIBUTORS INC,,,3238   UNION PACIFIC AVENUE,LOS ANGELES,90023-4203,3238 UNION PACIFIC 90023-4203,,,,14,1/1/2018,"(34.0166, -118.2099)"
0002107645-0001-1,HEZEKIAH INCORPORATED,HEZEKIAH / THE FACTORY,Yes - retailer,2437 E 24TH STREET,VERNON,90058-1203,2437 24TH 90058-1203,,,,14,4/15/2006,"(34.0166, -118.2286)"
0003205319-0001-9,TED'S BUDZ LLC,,,1320 LOS PALOS STREET,LOS ANGELES,90023-3136,1320 LOS PALOS 90023-3136,,,,14,1/1/2018,"(34.0167, -118.1949)"
0003076231-0001-2,GOLDEN GATE ARCK,GOLDEN GATE ARCK,,3365   UNION PACIFIC AVENUE,LOS ANGELES,90023-3812,3365 UNION PACIFIC 90023-3812,,,,14,1/1/2018,"(34.0167, -118.2068)"
0003080998-0001-6,CRISTINA LOUISE CLARK,CRISTINA LOUISE CLARK,,3361   UNION PACIFIC AVENUE,LOS ANGELES,90023-3812,3361 UNION PACIFIC 90023-3812,7095   HOLLYWOOD BLVD   SUITE #407,LOS ANGELES,90028-8912,14,1/1/2018,"(34.0167, -118.2069)"
0003070654-0002-1,PACIFIC WEST DISTRIBUTORS INC,,,3329   UNION PACIFIC AVENUE,LOS ANGELES,90023-3812,3329 UNION PACIFIC 90023-3812,,,,14,1/1/2018,"(34.0167, -118.208)"
0003070654-0001-2,PACIFIC WEST DISTRIBUTORS INC,,,3325   UNION PACIFIC AVENUE,LOS ANGELES,90023-3812,3325 UNION PACIFIC 90023-3812,,,,14,1/1/2018,"(34.0167, -118.2081)"
0003071090-0007-6,DUB BROTHERS MANAGEMENT LLC,,,3480 E 14TH STREET,LOS ANGELES,90023-3819,3480 14TH 90023-3819,721 E 5TH STREET,LOS ANGELES,90013-2110,14,1/1/2018,"(34.0171, -118.2035)"
0003074765-0001-8,CARE EVOLUTION INC,,,3458   14TH STREET E,LOS ANGELES,90023-3819,3458 14TH 90023-3819,14950   DELANO STREET,VAN NUYS,91411-2122,14,1/1/2018,"(34.0171, -118.2041)"
0003067504-0001-1,ALKHEMIST LLC,BIOTICS,,1400 ESPERANZA STREET,LOS ANGELES,90023-3914,1400 ESPERANZA 90023-3914,34   SEA COVE DRIVE,RANCHO PALOS VERDES,90275-5830,14,1/1/2018,"(34.0172, -118.2006)"
0003070654-0004-7,PACIFIC WEST DISTRIBUTORS INC,,,3217   UNION PACIFIC AVENUE,LOS ANGELES,90023-4202,3217 UNION PACIFIC 90023-4202,2711 N SEPULVEDA BLVD,MANHATTAN BEACH,90266-2725,14,1/1/2018,"(34.0172, -118.2103)"
0003067508-0001-9,ALKHEMIST DM LLC,,,1370   ESPERANZA STREET   SUITE #B,LOS ANGELES,90023-3912,1370 ESPERANZA 90023-3912,,,,14,1/1/2018,"(34.0174, -118.2006)"
0002795344-0001-7,SEAN KILGORE HAN,,,3347   MCLAUGHLIN AVENUE,LOS ANGELES,90066-2004,3347 MCLAUGHLIN 90066-2004,11727   GATEWAY BLVD,LOS ANGELES,90064-2819,11,8/14/2012,"(34.0174, -118.4331)"
0003068574-0001-3,CS HERITAGE INDUSTRY INC,,,1459 S LORENA STREET,LOS ANGELES,90023-3718,1459 LORENA 90023-3718,1459 S LORENA STREET,LOS ANGELES,90023-3718,14,1/1/2018,"(34.0175, -118.2089)"
0003069775-0001-1,OMERTA FARMS LLC,,,197 E JEFFERSON BLVD,LOS ANGELES,90011-2330,197 JEFFERSON 90011-2330,,,,9,1/1/2018,"(34.0175, -118.2695)"
0002211289-0001-9,"CANNA HEALTHCARE, INC",CLOUD 8TH DTLA,,2111   LONG BEACH AVENUE,LOS ANGELES,90058-1023,2111 LONG BEACH 90058-1023,,,,9,12/26/2006,"(34.0177, -118.2438)"
0002172987-0001-7,TOLUCA LAKE COLLECTIVE INC,TLC COLLECTIVE (JUNGLE BOYS),Yes - retailer,3650 E OLYMPIC BLVD,LOS ANGELES,90023-3129,3650 OLYMPIC 90023-3129,,,,14,8/9/2006,"(34.0178, -118.1986)"
0003067541-0001-1,RSVP GROUP LLC,,,3220   MINES AVENUE,LOS ANGELES,90023-3707,3220 MINES 90023-3707,301   CALLE MIRAMAR,REDONDO BEACH,90277-6393,14,1/1/2018,"(34.0186, -118.2098)"
0002211791-0001-7,"HHC PLUS, INC., A CALIFORNIA NON-PROFIT CORPORATION",,,1901 S ALAMEDA STREET #112,LOS ANGELES,90058-1037,1901 ALAMEDA 90058-1037,1901 S ALAMEDA STREET,LOS ANGELES,90058-1037,14,12/28/2006,"(34.0186, -118.2396)"
0003075114-0001-3,ELEVATE FARMZ LLC,,,2222 E WASHINGTON BLVD,LOS ANGELES,90021-3213,2222 WASHINGTON 90021-3213,1840 E 62ND STREET,LOS ANGELES,90001-1804,14,1/1/2018,"(34.0187, -118.2325)"
0002239788-0001-6,ORGANIC GREEN TREATMENT CENTER LLC,LA CANNABIS CO EST 2007,Yes - retailer,3791   2ND AVENUE,LOS ANGELES,90018-4308,3791 2ND 90018-4308,,,,10,4/11/2007,"(34.0188, -118.3193)"
0003086159-0002-2,GG QUALITY MANUFACTURING,,,3217   MINES AVENUE,LOS ANGELES,90023-3706,3217 MINES 90023-3706,,,,14,1/1/2018,"(34.0189, -118.2095)"
0002838631-0003-0,FROSTY GREEN GROUP INC,,,3529 E OLYMPIC BLVD,LOS ANGELES,90023-3923,3529 OLYMPIC 90023-3923,,,,14,1/1/2018,"(34.019, -118.2019)"
0003080086-0002-8,REAPS COMPANY LLC,,,1901 S ALAMEDA STREET   UNIT #116-118,LOS ANGELES,90058-1037,1901 ALAMEDA 90058-1037,,,,9,1/1/2018,"(34.0195, -118.2401)"
0003076260-0001-9,IMPERIAL PROJECT LLC,,,2043   IMPERIAL STREET,LOS ANGELES,90021-3203,2043 IMPERIAL 90021-3203,1148   AZALEA CIRCLE,CORONA,92882-5816,14,1/1/2018,"(34.0203, -118.2318)"
0002817395-0002-7,THE ART OF EDIBLES,,,2215 E 16TH STREET,LOS ANGELES,90021-3201,2215 16TH 90021-3201,136 S VIRGIL AVENUE   UNIT #213,LOS ANGELES,90004-6040,14,1/1/2018,"(34.0204, -118.2325)"
0003075511-0001-2,EDIBLES LIST LLC,,,2223 E 16TH STREET,LOS ANGELES,90021-3201,2223 16TH 90021-3201,222 S FIGUEROA STREET   SUITE #822,LOS ANGELES,90012-2578,14,1/1/2018,"(34.0204, -118.2325)"
0002203314-0003-3,VIRGIL GRANT III,MED X NOW,,1601 S SOTO STREET,LOS ANGELES,90023-2621,1601 SOTO 90023-2621,603 E UNIVERSITY DRIVE SUITE #B-167,CARSON,90746-1969,14,8/10/2007,"(34.0208, -118.2206)"
0003120426-0001-8,3001 LA LLC,,,3001 E 11TH STREET,LOS ANGELES,90023-3605,3001 11TH 90023-3605,1346   ELWOOD STREET,LOS ANGELES,90021-2413,14,1/1/2018,"(34.0209, -118.2138)"
0003075020-0001-1,GREEN CITY GROUP LLC,,,3204 S GRAND AVENUE,LOS ANGELES,90007-4101,3204 GRAND 90007-4101,15145   LAS FLORES AVENUE,LA MIRADA,90638-1451,9,1/1/2018,"(34.0213, -118.275)"
0003067761-0001-5,CALISOURCE LLC,,,3122 S GRAND AVENUE,LOS ANGELES,90007-3815,3122 GRAND 90007-3815,8832   BRADLEY AVENUE,SUN VALLEY,91352-2703,9,1/1/2018,"(34.0221, -118.2746)"
0003067653-0001-2,LIGHTBOX LEASING CORP,,,2193 E 14TH STREET,LOS ANGELES,90021-2843,2193 14TH 90021-2843,,,,14,1/1/2018,"(34.0238, -118.2334)"
0003075570-0001-0,10TH STREET FACILITIES LLC,,,2180 E 10TH STREET,LOS ANGELES,90021-2801,2180 10TH 90021-2801,3956   INGLEWOOD BLVD,LOS ANGELES,90066-4529,14,1/1/2018,"(34.025, -118.234)"
0003067749-0001-4,ARCTURIAN LIGHT LLC,,,2001 E 14TH STREET,LOS ANGELES,90021-2809,2001 14TH 90021-2809,926 SAN VICENTE BLVD,SANTA MONICA,90402-2004,14,1/1/2018,"(34.025, -118.237)"
0003086521-0003-6,ELISE MANAGEMENT,,,1651   MATEO STREET,LOS ANGELES,90021-2854,1651 MATEO 90021-2854,,,,14,1/1/2018,"(34.0251, -118.2329)"
0003120482-0001-1,1350 LA LLC,,,1350   ELWOOD STREET,LOS ANGELES,90021-2413,1350 ELWOOD 90021-2413,1346 ELWOOD STREET,LOS ANGELES,90021-2413,14,1/1/2018,"(34.0251, -118.2357)"
0003077600-0001-7,HYPE LLC,,,1410 E 15TH STREET,LOS ANGELES,90021-2704,1410 15TH 90021-2704,,,,14,1/1/2018,"(34.0251, -118.2453)"
0003076592-0001-3,CLEAR CHOICE CONNECTION,,,2184 E 10TH STREET,1001,90021-2801,2184 10TH 90021-2801,14381   SPA DRIVE,HUNTINGTON BEACH,92647-2029,14,1/1/2018,"(34.0252, -118.234)"
0003120546-0001-3,1346 LA LLC,,NOT ON MAP,1346   ELWOOD STREET,LOS ANGELES,90021-2413,1346 ELWOOD 90021-2413,1346   ELWOOD STREET,LOS ANGELES,90021-2413,14,1/1/2018,"(34.0252, -118.2356)"
0002205101-0001-8,CALIFORNIA ORGANIC TREATMENT CENTER INC,EDEN WELLNESS CENTER,Yes - retailer,2222 E OLYMPIC BLVD,LOS ANGELES,90021-2506,2222 OLYMPIC 90021-2506,11623   SHELDON STREET   UNIT #A,SUN VALLEY,91352-1578,14,12/1/2006,"(34.0256, -118.2329)"
0003120314-0001-7,"1333 GRO, LLC",,,1333   WILSON STREET,LOS ANGELES,90021-2804,1333 WILSON 90021-2804,1346   ELWOOD STREET,LOS ANGELES,90021-2413,14,1/1/2018,"(34.0256, -118.2352)"
0003067613-0001-8,TYRONE GOMES,ALBERT EINSTONE'S,,2353 E OLYMPIC BLVD,LOS ANGELES,90021-2507,2353 OLYMPIC 90021-2507,10995 BLUFFSIDE DRIVE APT #2326,STUDIO CITY,91604-4456,14,1/1/2018,"(34.0258, -118.2305)"
0002248953-0001-8,COLLECTIVE PHARM,HIGH NOTE CULVER CITY AND CANNA DISTRIBUTION & TRANSIT,Yes - retailer,5277 W JEFFERSON BLVD,LOS ANGELES,90016-3841,5277 JEFFERSON 90016-3841,660 S FIGUEROA STREET   SUITE #1600,LOS ANGELES,90017-3433,10,5/24/2007,"(34.0258, -118.3607)"
0003086754-0001-1,CIRCULAR ENTERPRISES INC.,,,940 S ALAMEDA STREET,LOS ANGELES,90021-2409,940 ALAMEDA 90021-2409,,,,14,1/1/2018,"(34.0259, -118.2388)"
0002719075-0002-4,EAK ENTERPRISES INC,,,2333 E OLYMPIC BLVD,LOS ANGELES,90021-2507,2333 OLYMPIC 90021-2507,2533   MISSION STREET,SAN FRANCISCO,94110-2511,14,1/1/2018,"(34.026, -118.2314)"
0003067683-0001-3,DELACREME,,,1005 E WASHINGTON BLVD   #C,LOS ANGELES,90021-3020,1005 WASHINGTON 90021-3020,330 N CRESCENT DRIVE   #108,BEVERLY HILLS,90210-4846,14,1/1/2018,"(34.026, -118.2529)"
0003120577-0001-9,NUGROW LLC,,,1400   NEWTON STREET,LOS ANGELES,90021-2726,1400 NEWTON 90021-2726,1346   ELWOOD STREET,LOS ANGELES,90021-2413,14,1/1/2018,"(34.0261, -118.2448)"
0002086145-0003-4,ADVANCED PATIENTS' COLLECTIVE,,,2430   PORTER STREET,LOS ANGELES,90021-2511,2430 PORTER 90021-2511,10115   JEFFERSON BLVD,CULVER CITY,90232-3519,14,1/1/2018,"(34.0264, -118.2289)"
0003068334-0001-2,WASHINGTON SAGE LLC,,,770 E WASHINGTON BLVD,LOS ANGELES,90021-3042,770 WASHINGTON 90021-3042,10249   TUJUNGA CANYON BLVD   #6,TUJUNGA,91042-2246,9,1/1/2018,"(34.0264, -118.2555)"
0002189128-0001-1,"DTPG COLLECTIVE, INC",DTPG / DOWNTOWN PATIENT GROUP,Yes - retailer,930 S ALAMEDA STREET,LOS ANGELES,90021-2409,930 ALAMEDA 90021-2409,,,,14,10/6/2006,"(34.0265, -118.2388)"
0003052345-0002-9,TRUE SCIENCE LABORATORIES LLC,,,1611 E 14TH STREET,LOS ANGELES,90021-2308,1611 14TH 90021-2308,,,,14,1/1/2018,"(34.0265, -118.2425)"
0003073498-0001-1,STRATUM BRANDS INC,,,801 E WASHINGTON BLVD,LOS ANGELES,90021-3018,801 WASHINGTON 90021-3018,801 E WASHINGTON BLVD,LOS ANGELES,90021-3018,14,1/1/2018,"(34.0266, -118.2542)"
0003074843-0001-0,KUSHCO DISTRIBUTION,,,1232   HOOPER AVENUE   BUILDING,LOS ANGELES,90021-2316,1232 HOOPER 90021-2316,11054   VENTURA BLVD   SUITE #352,STUDIO CITY,91604-3546,14,1/1/2018,"(34.0267, -118.2425)"
0003067502-0001-1,GREEN HABITAT,,,756 E WASHINGTON BLVD,LOS ANGELES,90021-3017,756 WASHINGTON 90021-3017,,,,9,1/1/2018,"(34.0267, -118.256)"
0003084610-0001-5,BROADWAY ALLIANCE LLC,,NOT ON MAP,2408 S BROADWAY,LOS ANGELES,90007-2716,2408 BROADWAY 90007-2716,9030 NATIONAL BLVD,LOS ANGELES,90034-3114,9,1/1/2018,"(34.0268, -118.2684)"
0002275041-0001-9,DOWNTOWN NATURAL CAREGIVERS INC.,DOWNTOWN NATURAL CAREGIVERS,Yes - retailer,147 W 25TH STREET,LOS ANGELES,90007-2713,147 25TH 90007-2713,312   WALL STREET,LOS ANGELES,90013-1515,9,9/14/2007,"(34.0268, -118.2695)"
0003075517-0002-8,OFIR DANGUR,,,1700   GRIFFITH AVENUE,LOS ANGELES,90021-3010,1700 GRIFFITH 90021-3010,,,,14,1/1/2018,"(34.027, -118.2521)"
0003076091-0001-8,GARDEN OF WEEDEN INC,,,1816 E OLYMPIC BLVD,LOS ANGELES,90021-2420,1816 OLYMPIC 90021-2420,,,,14,1/1/2018,"(34.0271, -118.2387)"
0002203172-0001-3,"LOS ANGELES FARMERS, INC.",LA FARMERS | SHOWGROW LA,Yes - retailer,824 E 17TH STREET,LOS ANGELES,90021-3002,824 17TH 90021-3002,,,,14,11/29/2006,"(34.0272, -118.2531)"
0003196751-0001-9,MALIBU GOLD LLC,,,2433 HUNTER STREET,LOS ANGELES,90021-2519,2433 HUNTER 90021-2519,3573 W 3RD STREET #201,LOS ANGELES,90020-2012,14,1/1/2018,"(34.0279, -118.2286)"
0002289515-0001-2,LOS ANGELES WELLNESS CENTER,ERBA,,12320 W PICO BLVD,LOS ANGELES,90064-1137,12320 PICO 90064-1137,,,,11,11/1/2006,"(34.0281, -118.4524)"
0002189025-0001-0,"NATURE'S NATURAL CARE, INC.",NEW AMSTERDAM NATURALS,,9021 EXPOSITION BLVD,LOS ANGELES,90034-3305,9021 EXPOSITION 90034-3305,,,,5,10/30/2006,"(34.0285, -118.3924)"
0002443496-0001-0,ADVANCED PAIN SOLUTIONS INC,GRACE,,2340 S CENTINELA AVENUE,LOS ANGELES,90064-1008,2340 CENTINELA 90064-1008,11664   NATIONAL BLVD   #147,LOS ANGELES,90064-3802,11,6/2/2009,"(34.0288, -118.4541)"
0003076243-0001-5,CALIFORNIA MARIJUANA COMPANY,,,2314 E 8TH STREET,LOS ANGELES,90021-1752,2314 8TH 90021-1752,4201 SADDLECREST LANE,WESTLAKE VILLAGE,91361-4762,14,1/1/2018,"(34.0293, -118.2317)"
0002192299-0001-5,PEACE OF GREEN INC,,Yes - retailer,1155 E PICO BLVD,LOS ANGELES,90021-2223,1155 PICO 90021-2223,,,,14,4/15/2006,"(34.0296, -118.2466)"
0003080061-0001-0,GA FACTORY,,NOT ON MAP,1001 E 14TH STREET,LOS ANGELES,90021-2211,1001 14TH 90021-2211,1101 E 18TH STREET,LOS ANGELES,90021-3009,14,1/1/2018,"(34.0302, -118.2498)"
0002246086-0001-4,CARE CALIFORNIA CONSULTATION INC,BUDDHA COMPANY,Yes - retailer,2038 SACRAMENTO STREET,LOS ANGELES,90021-1720,2038 SACRAMENTO 90021-1720,,,,14,5/9/2007,"(34.0305, -118.2306)"
0003068271-0001-5,CITY OF ANGELS PATIENT GROUP COOPERATIVE CORPORATION,F / ELD,NOT ON MAP,2124   VIOLET STREET,LOS ANGELES,90021-1731,2124 VIOLET 90021-1731,4151   2ND AVENUE,LOS ANGELES,90008-4041,14,1/1/2018,"(34.0323, -118.229)"
0003075018-0002-1,JAE MANAGEMENT LLC,,,1115 E 10TH STREET,LOS ANGELES,90021-2031,1115 10TH 90021-2031,15145   LAS FLORES AVENUE,LA MIRADA,90638-1451,14,1/1/2018,"(34.0327, -118.2461)"
0002256288-0001-6,LA WONDERLAND CAREGIVERS INC,,Yes - retailer,151 W 17TH STREET,LOS ANGELES,90015-3542,151 17TH 90015-3542,,,,14,6/27/2007,"(34.0336, -118.2644)"
0002584588-0002-0,LA ORGANIC PHARMACY INC,,Yes - retailer,5738 W WASHINGTON BLVD,LOS ANGELES,90016-2429,5738 WASHINGTON 90016-2429,6620 NOBLE AVENUE,VAN NUYS,91405-4532,10,10/28/2011,"(34.0343, -118.3694)"
0002201626-0001-0,PATIENTS AND CAREGIVERS LOS ANGELES INC,,,4854   LANKERSHIM BLVD,LOS ANGELES,90064-0064,4854 LANKERSHIM 90064-0064,,,,5,11/1/2006,"(34.0346, -118.4325)"
0002228537-0001-3,CITY COMPASSIONATE CAREGIVERS  INC,CCC / CITY COMPASSIONATE CAREGIVERS | CITY COMPASSIONATE CAREGIVERS,,2235 E 7TH STREET,LOS ANGELES,90023-1019,2235 7TH 90023-1019,,,,14,4/1/2007,"(34.0348, -118.2237)"
0002809122-0001-1,JODY HADRABA,,,10288 BANNOCKBURN DRIVE,LOS ANGELES,90064-4707,10288 BANNOCKBURN 90064-4707,,,,5,1/1/2011,"(34.0351, -118.4089)"
0002871131-0001-7,LINCOLN HEALTH,,,5650 W WASHINGTON BLVD,LOS ANGELES,90016-1930,5650 WASHINGTON 90016-1930,12115 MAGNOLIA BLVD #221,NORTH HOLLYWOOD,91607-2609,10,11/17/2015,"(34.0356, -118.367)"
0002168149-0001-3,GREENHOUSE ORGANICS INC,THE GREENHOUSE,,2304   SAWTELLE BLVD,LOS ANGELES,90064-1708,2304 SAWTELLE 90064-1708,5156 SEPULVEDA BLVD,SHERMAN OAKS,91403-1154,11,7/25/2006,"(34.0368, -118.4395)"
0003082888-0001-9,ORGANIC GREEN LEAF COOPERATIVE CORPORATION,,,1126   SANTEE STREET,LOS ANGELES,90015-1700,1126 SANTEE 90015-1700,21704   DEVONSHIRE STREET   UNIT #146,CHATSWORTH,91311-2903,14,1/1/2018,"(34.0369, -118.2564)"
0003070009-0001-8,FARID ANVARIPOUR,,,649 S ANDERSON STREET,LOS ANGELES,90023-1105,649 ANDERSON 90023-1105,,,,14,1/1/2018,"(34.037, -118.2235)"
0002262211-0002-4,SOUTHERN CALIFORNIA COLLECTIVE A CALIFORNIA CORPORATION,CANNARY WEST,Yes - retailer,2435   MILITARY AVENUE,LOS ANGELES,90064-1920,2435 MILITARY 90064-1920,,,,5,8/6/2007,"(34.0373, -118.4327)"
0002263119-0001-1,VALLEY HERBAL HEALING CENTER INC,SWEETFLOWER ARTS DISTRICT,,614   MATEO STREET,LOS ANGELES,90021-1312,614 MATEO 90021-1312,3627 DICKASON AVENUE APT #E,DALLAS,75219-4917,14,7/30/2007,"(34.0374, -118.2323)"
0002072981-0001-4,HOLISTIC SUPPLEMENTS,COLLECTIVE CAREGIVERS PHARMACY AND 2 AM PHARMACY,Yes - retailer,1149 S LOS ANGELES STREET,LOS ANGELES,90015-2536,1149 LOS ANGELES 90015-2536,,,,14,10/19/2005,"(34.0374, -118.2584)"
0003068086-0001-5,VOYAGE DISTRIBUTION,JOSH ROISTACHER,,727   GLADYS AVENUE,LOS ANGELES,90021-1413,727 GLADYS 90021-1413,2622 S ROBERTSON BLVD,LOS ANGELES,90034-2402,14,1/1/2018,"(34.038, -118.2447)"
0003075508-0001-1,HIGH LINE DISTRIBUTION LLC,,,11165   TENNESSEE AVENUE,LOS ANGELES,90064-1813,11165 TENNESSEE 90064-1813,,,,5,1/1/2018,"(34.0381, -118.4379)"
0003074935-0001-3,CALI GREEN HOUSE,,,737   STANFORD AVENUE,LOS ANGELES,90021-1415,737 STANFORD 90021-1415,3633   PUENTE AVENUE,BALDWIN PARK,91706-5557,14,1/1/2018,"(34.0382, -118.2456)"
0003071090-0006-8,DUB BROTHERS MANAGEMENT LLC,,,717   STANFORD AVENUE,LOS ANGELES,90021-1415,717 STANFORD 90021-1415,29458   BLUEWATER ROAD,MALIBU,90265-4119,14,1/1/2018,"(34.0388, -118.2451)"
0002265879-0003-1,SAN FERNANDO VALLEY MEDICAL SUPPLY INC,,,741   TOWNE AVENUE,LOS ANGELES,90021-1417,741 TOWNE 90021-1417,,,,14,1/1/2018,"(34.0388, -118.2464)"
0003212914-0001-0,SAN FERNANDO VALLEY DISCOUNT MEDICAL SUPPLY,,,741 TOWNE AVENUE,LOS ANGELES,90021-1417,741 TOWNE 90021-1417,,,,14,1/1/2018,"(34.0388, -118.2464)"
0003142926-0001-6,EARTH BLEND INC,CALI BOYZ,,828   VENICE BLVD,LOS ANGELES,90015-3228,828 VENICE 90015-3228,,,,1,1/1/2018,"(34.0393, -118.275)"
0002661365-0002-3,TOPLINE COLLECTIVE,SHERMAN OAKS ORGANIC,,643   GLADYS AVENUE,LOS ANGELES,90021-1003,643 GLADYS 90021-1003,13619   MOORPARK STREET,SHERMAN OAKS,91423-5002,14,1/1/2018,"(34.0394, -118.2432)"
0002211556-0001-9,THE LIVING EARTH WELLNESS CENTER COLLECTIVE INC,LITCO,Yes - retailer,1323 S FLOWER STREET,LOS ANGELES,90015-2907,1323 FLOWER 90015-2907,8306 WILSHIRE BLVD #1527,BEVERLY HILLS,90211-2304,14,12/28/2006,"(34.0394, -118.2677)"
0003075124-0001-7,KALI BOTANICALS CORP,,,1056 S MAIN STREET,LOS ANGELES,90015-1710,1056 MAIN 90015-1710,1056 S MAIN STREET,LOS ANGELES,90015-1710,14,1/1/2018,"(34.0397, -118.2575)"
0002509127-0001-8,NEW ERA CAREGIVERS,,,1238 S FLOWER STREET,LOS ANGELES,90015-2117,1238 FLOWER 90015-2117,,,,14,5/4/2010,"(34.0401, -118.2667)"
0002391329-0001-1,GRATEFUL MEDS INC,,,547 SEATON STREET,LOS ANGELES,90013-2236,547 SEATON 90013-2236,542 S ALAMEDA STREET,LOS ANGELES,90013-1708,14,8/1/2008,"(34.0408, -118.2372)"
0003068098-0001-8,NZ GROUP LLC,,,657   CROCKER STREET,LOS ANGELES,90021-1001,657 CROCKER 90021-1001,657   CROCKER STREET,LOS ANGELES,90021-1001,14,1/1/2018,"(34.0409, -118.2455)"
0002195362-0001-2,THE NATURAL WAY OF L A,ROYAL GREENS,,5067 W WASHINGTON BLVD,LOS ANGELES,90016-1450,5067 WASHINGTON 90016-1450,,,,10,11/1/2006,"(34.0412, -118.3503)"
0002207198-0001-7,PROGRESSIVE HORIZON INC,WEST COAST COLLECTIVE,,837 S LOS ANGELES STREET,LOS ANGELES,90014-3301,837 LOS ANGELES 90014-3301,,,,14,12/15/2006,"(34.0414, -118.2533)"
0002616475-0002-0,MENDING ANGEL'S COOPERATIVE INC,,,829 S LOS ANGELES STREET,LOS ANGELES,90014-3301,829 LOS ANGELES 90014-3301,8721   SANTA MONICA BLVD   #702,W HOLLYWOOD,90069-4507,14,1/1/2018,"(34.0415, -118.2535)"
0000978516-0001-2,GREEN LEAF CAREGIVERS,FIREHAUS,,2000   COTNER AVENUE,LOS ANGELES,90025-5604,2000 COTNER 90025-5604,2000 COTNER AVENUE,LOS ANGELES,90025-5604,5,1/1/2000,"(34.0422, -118.4417)"
0002254984-0001-1,ONESRA ENTERPRISES INC,EUPHORIC CARE GIVERS  PROP 215 | EUPHORIC CARE GIVERS / PROP 215,Yes - retailer,10655 W PICO BLVD,LOS ANGELES,90064-2222,10655 PICO 90064-2222,1730 N VISTA STREET,LOS ANGELES,90046-2235,5,6/21/2007,"(34.0426, -118.4234)"
0002173768-0001-5,TRINITY MA INC,CANNA CLINIC,,2131   WESTWOOD BLVD,LOS ANGELES,90025-6330,2131 WESTWOOD 90025-6330,2131   WESTWOOD BLVD,LOS ANGELES,90025-6330,5,6/1/2006,"(34.0442, -118.4325)"
0003075600-0001-2,KDM HOLDINGS LLC,,,300 S MISSION ROAD,LOS ANGELES,90033-3719,300 MISSION 90033-3719,505 S FIGUEROA STREET   #636,LOS ANGELES,90071-1704,14,1/1/2018,"(34.0443, -118.227)"
0002225065-0001-2,"LOS ANGELES INDUSTRY, INC",HOLLYWEED,,5160   VENICE BLVD,LOS ANGELES,90019-5229,5160 VENICE 90019-5229,5160 VENICE BLVD,LOS ANGELES,90019-5229,10,2/12/2007,"(34.0444, -118.3525)"
0002086145-0001-8,ADVANCED PATIENTS' COLLECTIVE,MEDMEN DTLA,Yes - retailer,735 S BROADWAY,LOS ANGELES,90014-2878,735 BROADWAY 90014-2878,10115   JEFFERSON BLVD,CULVER CITY,90232-3519,14,1/2/2006,"(34.0446, -118.2544)"
0002233176-0001-1,THE POTTERY INC,THE POTTERY,Yes - retailer,5042   VENICE BLVD,LOS ANGELES,90019-5310,5042 VENICE 90019-5310,3645 LONG BEACH BLVD,LONG BEACH,90807-4018,10,3/15/2007,"(34.045, -118.3486)"
0002239291-0001-7,MELROSE HERBAL COLLECTIVE INC,LA CANNABIS CO EST 2007,Yes - retailer,1603 S LA BREA AVENUE,LOS ANGELES,90019-5434,1603 LA BREA 90019-5434,,,,10,4/11/2007,"(34.0454, -118.3457)"
0002849123-0001-1,BAM ARCHITECTURE STUDIO DPC,,,453 S SPRING STREET SUITE #408,LOS ANGELES,90013-2074,453 SPRING 90013-2074,30 W 24TH STREET,NEW YORK,10010-3207,14,4/1/2014,"(34.0478, -118.2498)"
0002210665-0001-9,MID CITY CANNABIS CLUB INC,LA BREA COLLECTIVE,,5057 W PICO BLVD,LOS ANGELES,90019-4129,5057 PICO 90019-4129,,,,10,12/28/2006,"(34.0478, -118.348)"
0002737500-0001-7,LOS ANGELES BDD & BODY IMAGE CLINIC,,,10780 SANTA MONICA BLVD #120,LOS ANGELES,90025-7613,10780 SANTA MONICA 90025-7613,,,,5,3/12/2014,"(34.0504, -118.434)"
0002250336-0001-3,SYLMAR CAREGIVERS INC,,Yes - retailer,1787   WESTWOOD BLVD,LOS ANGELES,90024-5607,1787 WESTWOOD 90024-5607,11138   HERSHEY STREET,SUN VALLEY,91352-1216,5,6/1/2007,"(34.0508, -118.4382)"
0002218073-0001-2,THE RELIEF COLLECTIVE INC,,Yes - retailer,5816 W PICO BLVD,LOS ANGELES,90019-3713,5816 PICO 90019-3713,15127   HOLIDAY WAY,SYLMAR,91342-5503,10,1/18/2007,"(34.0509, -118.365)"
0002112115-0001-9,IRONWORKS COLLECTIVE INC,IRONWORKS COLLECTIVE,Yes - retailer,718 E COMMERCIAL STREET,LOS ANGELES,90012-3412,718 COMMERCIAL 90012-3412,718 E COMMERCIAL STREET,LOS ANGELES,90012-3412,14,4/28/2006,"(34.0523, -118.232)"
0002253054-0001-9,SAFE HARBOR PATIENT'S COLLECTIVE INC,,,1411   WESTWOOD BLVD,LOS ANGELES,90024-4911,1411 WESTWOOD 90024-4911,,,,5,6/12/2007,"(34.0548, -118.4417)"
0002270852-0001-6,AMYLEE SMITHWICK,JAHLIFE - TRUE HOME OF RASTAFARI | JALIFE - TRUE HOME OF RASTAFARI,,1054 S LA BREA AVENUE,LOS ANGELES,90019-6905,1054 LA BREA 90019-6905,12405 VENICE BLVD UNIT #369,LOS ANGELES,90066-3803,10,8/31/2007,"(34.0561, -118.3449)"
0002117413-0001-1,MEDICAL CAREGIVERS COOPERATIVE INC,,Yes - retailer,1039 N MISSION ROAD,LOS ANGELES,90033-1218,1039 MISSION 90033-1218,,,,14,5/22/2006,"(34.0595, -118.2156)"
0003051871-0001-7,SYNAPSE UNLIMITED,BEVERLY HILLS CBD | QUALITY GENETIX,,930 S ROBERTSON BLVD   SUITE #B,LOS ANGELES,90035-1642,930 ROBERTSON 90035-1642,930 S ROBERTSON BLVD   UNIT #B,LOS ANGELES,90035-1642,5,1/1/2018,"(34.06, -118.3833)"
0002224451-0001-6,WFARM1045 INC,THE FARMACY WESTWOOD,,1035 GAYLEY AVENUE,LOS ANGELES,90024-3401,1035 GAYLEY 90024-3401,,,,5,2/8/2007,"(34.0613, -118.4474)"
0002227446-0001-7,"LOS ANGELES VALLEY CAREGIVERS, INC.",LOS ANGELES VARIETY CANNABIS,Yes - retailer,6132 WILSHIRE BLVD,LOS ANGELES,90048-5102,6132 WILSHIRE 90048-5102,,,,5,2/5/2007,"(34.063, -118.3623)"
0003155234-0001-1,TAT KOREATOWN LLC,THE ARTIST TREE,,520 S WESTERN AVENUE,LOS ANGELES,90020-4208,520 WESTERN 90020-4208,,,,14,4/14/2021,"(34.0647, -118.3087)"
0002581502-0001-3,EAGLE ROCK HERBAL COLLECTIVE LLC,EAGLE ROCK HERBAL CAREGIVERS | GENIUS,Yes - retailer,467 S LA BREA AVENUE,LOS ANGELES,90036-3523,467 LA BREA 90036-3523,6960 S CENTINELA AVENUE,CULVER CITY,90230-6305,4,1/1/2006,"(34.0656, -118.3441)"
0002265879-0001-5,SAN FERNANDO VALLEY MEDICAL SUPPLY INC,DOSIST W3,,8016 W 3RD STREET,LOS ANGELES,90048-4307,8016 3RD 90048-4307,,,,5,4/18/2011,"(34.0717, -118.3645)"
0003223752-0001-2,AFROZE BARI,,,1387 AVENIDA DE CORTEZ,PACIFIC PALISADES,90272-2124,1387 Avenida De Cortez 90272-2124,,,,11,12/8/2020,"(34.0722, -118.5624)"
0002183298-0001-1,DOWNTOWN COLLECTIVE INC,MAGNOLIA WELLNESS | ZEN NOHO,Yes - retailer,8151 W 3RD STREET,LOS ANGELES,90048-4314,8151 3RD 90048-4314,,,,5,9/19/2006,"(34.0726, -118.3671)"
0002095479-0001-1,"CALIFORNIA HERBAL REMEDIES, INC",LOS ANGELES KUSH # 1,Yes - retailer,5470   VALLEY BLVD,LOS ANGELES,90032-3530,5470 VALLEY 90032-3530,5470   VALLEY BLVD,LOS ANGELES,90032-3530,14,3/1/2006,"(34.0734, -118.1638)"
0002771471-0001-1,BLOODVINE MEDIA,,,101 GROVERTON PLACE SIDE,LOS ANGELES,90077-3732,101 GROVERTON 90077-3732,2355 WESTWOOD BLVD #333,LOS ANGELES,90064-2109,5,10/1/2014,"(34.0735, -118.4477)"
0003067611-0001-9,CRC MANUFACTURING LLC,,,5235   VALLEY BLVD,LOS ANGELES,90032-3948,5235 VALLEY 90032-3948,5235   VALLEY BLVD,LOS ANGELES,90032-3948,14,1/1/2018,"(34.0741, -118.1705)"
0002270444-0001-9,LAHC INC,,Yes - retailer,2011 PASADENA AVENUE,LOS ANGELES,90031-0031,2011 PASADENA 90031-0031,2011   PASADENA AVENUE,LOS ANGELES,90031-0031,1,8/29/2007,"(34.0748, -118.221)"
0002053218-0001-8,MME CYON RETAIL INC,MEDMEN | MEDMEN BEVERLY HILLS,Yes - retailer,110 S ROBERTSON BLVD,LOS ANGELES,90048-3208,110 ROBERTSON 90048-3208,10115   JEFFERSON BLVD,CULVER CITY,90232-3519,5,7/1/2005,"(34.0752, -118.3836)"
0002236085-0001-3,GREEN AID RECOVERY GROUP INC,HIGH NOTE LA | THE RECOVERY GROUP INC,Yes - retailer,5359   VALLEY BLVD,LOS ANGELES,90032-3930,5359 VALLEY 90032-3930,POST OFFICE BOX #642282,LOS ANGELES,90064-8049,14,3/1/2007,"(34.0753, -118.1666)"
0002274496-0001-5,THE VAN NUYS GROUP LLC,THE GREEN EASY,Yes - retailer,8311 BEVERLY BLVD,LOS ANGELES,90048-2607,8311 BEVERLY 90048-2607,11330 VENTURA BLVD SUITE #1,STUDIO CITY,91604-3176,5,9/13/2007,"(34.076, -118.3703)"
0003157946-0001-6,314 LA BREA LLC,,Yes - retailer,314 N LA BREA AVENUE,LOS ANGELES,90036-2518,314 LA BREA 90036-2518,2877   FORRESTER DRIVE,LOS ANGELES,90064-4649,5,6/23/2021,"(34.0768, -118.3437)"
0002165101-0001-1,MCFLOWER CORPORATION,DELTA 9 CAREGIVERS,Yes - retailer,345 N FAIRFAX AVENUE,LOS ANGELES,90036-2108,345 FAIRFAX 90036-2108,345 N MAPLE DRIVE   SUITE #205,BEVERLY HILLS,90210-5194,5,7/6/2006,"(34.0775, -118.3618)"
0003158736-0001-3,CANNATRUST GROUP LLC,,Yes - retailer,1932   SCOTT AVENUE,LOS ANGELES,90026-2540,1932 SCOTT 90026-2540,,,,13,4/20/2021,"(34.0813, -118.2592)"
0002115894-0001-2,BARR CORPORATION,CALIFORNIA CAREGIVERS ALLIANCE,Yes - retailer,2815 W SUNSET BLVD #201,LOS ANGELES,90026-2169,2815 SUNSET 90026-2169,,,,13,5/16/2006,"(34.082, -118.272)"
0002806802-0001-0,WHITE JASMINE INC,,NOT ON MAP,648 N KILKEA DRIVE,LOS ANGELES,90048-2214,648 KILKEA 90048-2214,16000 VENTURA BLVD SUITE #410,ENCINO,91436-2753,5,1/29/2015,"(34.0827, -118.3669)"
0002203314-0002-5,VIRGIL GRANT III,WESTERN CAREGIVERS INC,NOT ON MAP,654   MANHATTAN PLACE N,LOS ANGELES,90004-1711,654 MANHATTAN 90004-1711,603 E UNIVERSITY DRIVE SUITE #B-167,CARSON,90746-1969,4,7/11/2007,"(34.0832, -118.3099)"
0002181863-0001-2,MARY JANE'S COLLECTIVE CAREGIVERS,,Yes - retailer,4901 MELROSE AVENUE,LOS ANGELES,90029-3731,4901 MELROSE 90029-3731,,,,13,9/14/2006,"(34.0835, -118.3072)"
0002132954-0001-7,KOREATOWN COLLECTIVE LLC,ASCLEPIUS,Yes - retailer,7382 MELROSE AVENUE,LOS ANGELES,90046-7527,7382 MELROSE 90046-7527,7382 MELROSE AVENUE,LOS ANGELES,90046-7527,5,7/24/2006,"(34.0835, -118.3506)"
0000382947-0002-9,PATIENTS AGAINST PAIN INC,PAP & THE BRIDGE,Yes - retailer,8016   MELROSE AVENUE,LOS ANGELES,90046-7010,8016 MELROSE 90046-7010,,,,5,5/12/2006,"(34.0836, -118.3641)"
0002254141-0001-7,VERMONT HERBAL CENTER INC,AIRSIDE WELLNESS,Yes - retailer,8163   MELROSE AVENUE,LOS ANGELES,90046-7016,8163 MELROSE 90046-7016,,,,5,6/7/2007,"(34.084, -118.3674)"
0002206249-0001-4,NATURAL REMEDIES CAREGIVERS,,Yes - retailer,927 N WESTERN AVENUE,LOS ANGELES,90029-3215,927 WESTERN 90029-3215,11635 MORRISON STREET,NORTH HOLLYWOOD,91601-4346,13,12/5/2006,"(34.0874, -118.3091)"
0002104144-0003-0,THE LITTLE COTTAGE CAREGIVERS LLC,,Yes - retailer,979 N LA BREA AVENUE,WEST HOLLYWOOD,90038-2321,979 LA BREA 90038-2321,979 N LA BREA AVENUE,WEST HOLLYWOOD,90038-2321,5,8/15/2006,"(34.0886, -118.3447)"
0002225069-0001-1,CHRONICPRACTOR CAREGIVERS INC,EXHALE MED CENTER,Yes - retailer,980 N LA CIENEGA BLVD #102,LOS ANGELES,90069-4781,980 LA CIENEGA 90069-4781,8424 SANTA MONICA BLVD SUITE #232,WEST HOLLYWOOD,90069-4267,5,1/1/2007,"(34.0888, -118.3764)"
0002220313-0001-3,"VALLEY HOLISTIC CAREGIVERS, INC",SMARTWEED,Yes - retailer,1038 N WESTERN AVENUE,LOS ANGELES,90029-2310,1038 WESTERN 90029-2310,1038 N WESTERN AVENUE,LOS ANGELES,90029-2310,13,4/18/2011,"(34.0895, -118.3087)"
0003078866-0001-0,GREEN WORLD EXPRESS INC,,,814 N SAN FERNANDO ROAD,LOS ANGELES,90065-1138,814 SAN FERNANDO 90065-1138,,,,1,1/1/2018,"(34.0908, -118.2272)"
0003086105-0001-8,SIGNAL MANAGEMENT LLC,,,6609   SANTA MONICA BLVD,LOS ANGELES,90038-1311,6609 SANTA MONICA 90038-1311,10866   WILSHIRE BLVD   SUITE #1650,LOS ANGELES,90024-4321,4,1/1/2018,"(34.091, -118.3346)"
0002245971-0001-4,"MMD, INC.",,,1515 N CAHUENGA BLVD,LOS ANGELES,90028-7312,1515 CAHUENGA 90028-7312,1515 N CAHUENGA BLVD,LOS ANGELES,90028-7312,13,5/9/2007,"(34.0985, -118.3298)"
0002185997-0001-9,GREENHOUSE HERBAL CENTER LLC,,Yes - retailer,5224 HOLLYWOOD BLVD,LOS ANGELES,90027-4909,5224 HOLLYWOOD 90027-4909,5224   HOLLYWOOD BLVD,LOS ANGELES,90027-4909,13,9/28/2006,"(34.1017, -118.3042)"
0002190532-0001-1,KB COLLECTIVE FOR COMPASSION AND CARE INC,THE KIND CENTER & KB CENTER FOR COMPASSIONATE CARE,Yes - retailer,1944 N CAHUENGA BLVD,LOS ANGELES,90068-3853,1944 CAHUENGA 90068-3853,4872   TOPANGA CANYON BLVD   #344,WOODLAND HILLS,91364-4229,4,10/13/2006,"(34.1066, -118.3303)"
0002915833-0001-0,"SLOANE & ROW, INC.",,,2629   WAVERLY DRIVE,LOS ANGELES,90039-2724,2629 WAVERLY 90039-2724,,,,4,1/13/2016,"(34.1069, -118.2589)"
0000410225-0002-1,SILVER LAKE CAREGIVERS GROUP INC,,,2464 FLETCHER DRIVE,LOS ANGELES,90039-2802,2464 FLETCHER 90039-2802,,,,13,5/22/2006,"(34.107, -118.2552)"
0003075556-0001-0,MOJAVE RICHMOND,,,2477   FLETCHER DRIVE,LOS ANGELES,90039-2801,2477 FLETCHER 90039-2801,,,,13,1/1/2018,"(34.1075, -118.2552)"
0002580753-0001-5,GREEN EARTH VITALITY CORPORATION,GREEN EARTH COLLECTIVE,,4801 YORK BLVD,LOS ANGELES,90042-1636,4801 YORK 90042-1636,,,,1,4/18/2011,"(34.1222, -118.2109)"
0002226675-0001-2,HOLISTIC HEALING ALTERNATIVE INC,GREENWOLF,Yes - retailer,2950   LOS FELIZ BLVD   SUITE #100,LOS ANGELES,90039-1501,2950 LOS FELIZ 90039-1501,,,,13,1/1/2007,"(34.1255, -118.2638)"
0002210774-0001-6,STUDIO CITY CAREGIVERS INC,UNIVERSAL COLLECTIVE,,3625 CAHUENGA BLVD W,LOS ANGELES,90068-1205,3625 CAHUENGA 90068-1205,,,,4,12/21/2006,"(34.1344, -118.3596)"
0002406834-0001-8,LIZBOR INC,WHTC,,3760 CAHUENGA BLVD,STUDIO CITY,91604-3578,3760 CAHUENGA 91604-3578,,,,4,2/1/2009,"(34.1358, -118.3619)"
0003067499-0001-8,P&B LABS HUMBOLDT LLC,PAPA & BARKLEY,,4127   SEQUOIA STREET,LOS ANGELES,90039-1119,4127 SEQUOIA 90039-1119,,,,13,1/1/2018,"(34.1364, -118.2681)"
0002182264-0001-5,HERBAL SOLUTIONS PRE ICO LLC,URBAN TREEZ,,11376   VENTURA BLVD,STUDIO CITY,91604-3139,11376 VENTURA 91604-3139,2711 N SEPULVEDA BLVD   #270,MANHATTAN BEACH,90266-2725,2,9/14/2006,"(34.1396, -118.3787)"
0002198991-0001-0,THE WELLNESS EARTH ENERGY DISPENSARY INC,PROJECT CANNABIS STUDIO CITY,,11557 VENTURA BLVD,STUDIO CITY,91604-2611,11557 VENTURA 91604-2611,,,,2,11/9/2006,"(34.1399, -118.3837)"
0002274920-0001-3,DEC MEDICAL GROUP INC,CANNASUTRA | DEC MEDICAL INC,,11101 VENTURA BLVD #1,STUDIO CITY,91604-3134,11101 VENTURA 91604-3134,13664 OTTOMAN STREET,ARLETA,91331-6314,2,9/14/2007,"(34.1411, -118.3719)"
0002207035-0001-3,PERENNIAL HOLISTIC WELLNESS CENTER INC,SWEETFLOWER STUDIO CITY,,11705 VENTURA BLVD,STUDIO CITY,91604-2616,11705 VENTURA 91604-2616,,,,2,12/7/2006,"(34.1414, -118.388)"
0002212486-0001-9,CORNERSTONE RESEARCH COLLECTIVE,CORNERSTONE WELNESS,Yes - retailer,2551 COLORADO BLVD,LOS ANGELES,90041-1040,2551 COLORADO 90041-1040,,,,14,1/2/2007,"(34.1417, -118.222)"
0002854331-0001-2,PURE VAPE INC.,,,3940 LAUREL CANYON BLVD UNIT #565,STUDIO CITY,91604-3709,3940 LAUREL CANYON 91604-3709,,,,2,2/13/2014,"(34.142, -118.3946)"
0002208457-0001-0,420 FOR THE PEOPLE COOPERATIVE INC,,,12433   VENTURA BLVD,STUDIO CITY,91604-2407,12433 VENTURA 91604-2407,19528   VENTURA BLVD   #308,TARZANA,91356-2917,2,12/15/2006,"(34.1429, -118.4042)"
0002212464-0001-2,BUDS & ROSES COLLECTIVE INC,BUDS & ROSES,,13047 VENTURA BLVD,STUDIO CITY,91604-2249,13047 VENTURA 91604-2249,,,,2,1/1/2007,"(34.1457, -118.4172)"
0002226606-0001-1,MMR CENTER INC,MEDICAL MARIJUANA RELIEF CENTER,,14000   VENTURA BLVD,SHERMAN OAKS,91423-3512,14000 VENTURA 91423-3512,27630 ONYX LANE,CASTAIC,91384-3160,4,2/16/2007,"(34.1488, -118.4374)"
0002163060-0001-5,THE HIGHER PATH PATIENT ASSOCIATION,JPHP MANAGEMENT  | THE HIGHER PATH,,14080 VENTURA BLVD,SHERMAN OAKS,91423-3542,14080 VENTURA 91423-3542,14080 VENTURA BLVD,SHERMAN OAKS,91423-3542,4,6/29/2006,"(34.1494, -118.4396)"
0002060233-0001-7,CALVIN FRYE,COMPASSIONATE CAREGIVERS OF STUDIO CITY,,11422 MOORPARK STREET,STUDIO CITY,91602-2010,11422 MOORPARK 91602-2010,,,,2,9/1/2005,"(34.1503, -118.3798)"
0002861172-0001-0,BRITT & BRITT LLC,SYCLE,,10112 RIVERSIDE DRIVE,TOLUCA LAKE,91602-2518,10112 RIVERSIDE 91602-2518,,,,4,10/15/2015,"(34.1522, -118.351)"
0002218104-0001-0,SMART COLLECTIVE INC,,,10745   RIVERSIDE DRIVE,NORTH HOLLYWOOD,91602-2371,10745 RIVERSIDE 91602-2371,7552 BLUEBELL AVENUE,NORTH HOLLYWOOD,91605-2019,4,1/18/2007,"(34.1526, -118.3651)"
0002245640-0001-4,NEW APOTHECARY INC,,,15374   DICKENS STREET,SHERMAN OAKS,91403-3007,15374 DICKENS 91403-3007,,,,5,5/8/2007,"(34.1531, -118.4689)"
0002878596-0001-5,FABRICATION LLC,,,15303   VENTURA BLVD   SUITE #1040,SHERMAN OAKS,91403-5805,15303 VENTURA 91403-5805,,,,4,9/29/2015,"(34.1541, -118.4673)"
0002174731-0001-0,CALIFORNIA COMPASSIONATE CARE NETWORK INC,MMD NORTH HOLLYWOOD,,4720 VINELAND AVENUE,NORTH HOLLYWOOD,91602-1222,4720 VINELAND 91602-1222,4720 VINELAND AVENUE,NORTH HOLLYWOOD,91602-1222,2,8/15/2006,"(34.1558, -118.3702)"
0002466514-0001-4,GREEN DOT,,,4821 LANKERSHIM BLVD UNIT #F-370,NORTH HOLLYWOOD,91601-4538,4821 LANKERSHIM 91601-4538,,,,2,9/1/2009,"(34.1584, -118.3706)"
0002261175-0001-1,HAZELWOOD PATIENTS COLLECTIVE,,,17523 VENTURA BLVD,ENCINO,91316-3836,17523 VENTURA 91316-3836,,,,5,7/18/2007,"(34.1615, -118.5148)"
0002178426-0001-3,RESOURCE REFERRAL SERVICES INC,"GVC,  GREEN VALLEY COLLECTIVE",,10842   MAGNOLIA BLVD,NORTH HOLLYWOOD,91601-3920,10842 MAGNOLIA 91601-3920,9301   WILSHIRE BLVD   SUITE #425,BEVERLY HILLS,90210-6144,2,9/5/2006,"(34.1644, -118.3674)"
0002193580-0001-2,ORGANIC CENTURY FARMACY INC,,,12458   MAGNOLIA BLVD W,VALLEY VILLAGE,91607-2451,12458 MAGNOLIA 91607-2451,,,,2,11/1/2006,"(34.1645, -118.4049)"
0002242390-0001-6,WELCOME THE HEALING TOUCH INC,,,18013 VENTURA BLVD UNIT #A,ENCINO,91316-3517,18013 VENTURA 91316-3517,,,,5,4/25/2007,"(34.1646, -118.5248)"
0002086566-0001-2,MOTHER NATURES REMEDY,MOTHER NATURE'S REMEDY,,22815   VENTURA BLVD,WOODLAND HILLS,91364-1202,22815 VENTURA 91364-1202,22815   VENTURA BLVD   UNIT #291,WOODLAND HILLS,91364-1202,3,1/10/2006,"(34.1659, -118.624)"
0002082405-0002-7,AFTER CARE PATIENT'S GROUP,,,5338 ALHAMA DRIVE,WOODLAND HILLS,91364-2101,5338 ALHAMA 91364-2101,,,,3,3/21/2007,"(34.1662, -118.5931)"
0002205123-0001-4,ALTERNATIVE MEDICINAL CAREGIVERS INC,GREEN ANGEL,,22748 VENTURA BLVD,WOODLAND HILLS,91364-1333,22748 VENTURA 91364-1333,18534   DEVONSHIRE     SUITE #428,NORTHRIDGE,91343-0000,3,12/15/2006,"(34.1664, -118.6219)"
0003240374-0001-7,I'M A KID,,,5420   YOLANDA AVENUE   UNIT #125,TARZANA,91356-6320,5420 YOLANDA 91356,14100   DICKENS STREET   UNIT #1,SHERMAN OAKS,91423-4236,3,9/21/2020,"(34.1694, -118.54)"
0003067563-0001-8,GREENARIUM INC.,,,5430   SATSUMA AVENUE,NORTH HOLLYWOOD,91601-2837,5430 SATSUMA 91601-2837,,,,2,1/1/2018,"(34.1697, -118.3672)"
0003067563-0003-4,GREENARIUM INC.,,,5426   SATSUMA AVENUE,NORTH HOLLYWOOD,91601-2837,5426 SATSUMA 91601-2837,,,,2,1/1/2018,"(34.1698, -118.367)"
0003067563-0002-6,GREENARIUM INC.,GREENARIUM,,5434   SATSUMA AVENUE,NORTH HOLLYWOOD,91601-2837,5434 SATSUMA 91601-2837,,,,2,1/1/2018,"(34.1698, -118.367)"
0002033952-0001-0,VALLEY COLLECTIVE CARE INC,THE ATRIUM GROUP,,5441   TOPANGA CANYON BLVD,WOODLAND HILLS,91367-6314,5441 TOPANGA CANYON 91367-6314,,,,3,4/15/2005,"(34.1698, -118.6062)"
0003068066-0001-8,PAET REAL ESTATE LLC,,,5537   CLEON AVENUE,NORTH HOLLYWOOD,91601-2836,5537 CLEON 91601-2836,21031 VENTURA BLVD SUITE #420,WOODLAND HILLS,91364-2257,2,1/1/2018,"(34.1713, -118.3689)"
0002188680-0001-1,HUMBOLDT RELIEF LLC,ELEVATE,,20010   VENTURA BLVD,WOODLAND HILLS,91364-2632,20010 VENTURA 91364-2632,,,,3,10/4/2006,"(34.1716, -118.5688)"
0002255600-0001-6,SUNSET HERBAL CORNER INC,SUNSET HERBAL CORNER,,11503 BURBANK BLVD UNIT #A,NORTH HOLLYWOOD,91601-2309,11503 BURBANK 91601-2309,,,,2,6/25/2007,"(34.1721, -118.3823)"
0002220929-0001-3,CHINATOWN PATIENT COLLECTIVE GROUP INC,COLLECTIVE GROUP CO,,15223   BURBANK BLVD,VAN NUYS,91411-3505,15223 BURBANK 91411-3505,7250   NUNES LANE,EUREKA,95503-7193,4,1/30/2007,"(34.1725, -118.4648)"
0002191730-0001-6,SHERMAN OAKS COLLECTIVE CARE INC,,,5740   LANKERSHIM BLVD,NORTH HOLLYWOOD,91601-1627,5740 LANKERSHIM 91601-1627,,,,2,10/15/2006,"(34.1751, -118.3804)"
0003072559-0001-1,"BARE FARMS DISTRIBUTION, LLC",,,15036   OXNARD STREET,VAN NUYS,91411-2612,15036 OXNARD 91411-2612,15035 OXNARD STREET,VAN NUYS,91411-2613,4,1/1/2018,"(34.1789, -118.4609)"
0003086585-0001-0,VO LEASING CORP,,,15164   OXNARD STREET,VAN NUYS,91411-2614,15164 OXNARD 91411-2614,,,,4,1/1/2018,"(34.1789, -118.464)"
0003016578-0002-3,SEROB PAPAZYAN,,,14310   OXNARD STREET,VAN NUYS,91401-3311,14310 OXNARD 91401-3311,14350   OXNARD STREET,VAN NUYS,91401-3311,4,1/1/2018,"(34.1791, -118.4449)"
0002239627-0001-1,RED MOON INC,,,14350 OXNARD STREET,VAN NUYS,91401-3311,14350 OXNARD 91401-3311,,,,4,4/1/2007,"(34.1793, -118.4453)"
0003070790-0001-7,CLARMONTI CONSULTING LLC,,,14217   OXNARD STREET,VAN NUYS,91401-3609,14217 OXNARD 91401-3609,23701 S WESTERN AVENUE   SPACE #76,TORRANCE,90501-5644,6,1/1/2018,"(34.1796, -118.4428)"
0002200695-0001-3,THE REEFINERY,,,14901   OXNARD STREET,VAN NUYS,91411-2611,14901 OXNARD 91411-2611,,,,6,11/30/2006,"(34.1796, -118.4577)"
0003067491-0001-1,PRIVATE LINE SERVICE LLC,AIMS HORTICULTURE,,15015   OXNARD STREET,VAN NUYS,91411-2613,15015 OXNARD 91411-2613,,,,6,1/1/2018,"(34.1797, -118.4603)"
0003068084-0001-6,LANCASTER STORAGE PROPERTIES LLC,,,14845   OXNARD STREET,VAN NUYS,91411-3124,14845 OXNARD 91411-3124,2355   WESTWOOD BLVD   #675,LOS ANGELES,90064-2109,6,1/1/2018,"(34.1798, -118.4568)"
0002643087-0001-9,RESEDA DISCOUNT CORPORATION,,,18448 OXNARD STREET BUILDING,TARZANA,91356-1504,18448 OXNARD 91356-1504,,,,3,10/15/2012,"(34.1799, -118.5349)"
0002238832-0001-1,RDC COLLECTIVE CORP,,,18448 OXNARD STREET,TARZANA,91356-1504,18448 OXNARD 91356-1504,,,,3,4/1/2007,"(34.1799, -118.535)"
0003069789-0001-3,LEON SNOW,,,14755   AETNA STREET,VAN NUYS,91411-2702,14755 AETNA 91411-2702,528   PALISADES DRIVE   #532,PACIFIC PALISADES,90272-2844,6,1/1/2018,"(34.1803, -118.455)"
0003081736-0001-6,KURE LABS INC,,,14770   CALVERT STREET   BUILDING,VAN NUYS,91411-2705,14770 CALVERT 91411-2705,,,,6,1/1/2018,"(34.1814, -118.4546)"
0002190335-0001-9,HIGHLAND PARK PATIENT COLLECTIVE INC,HPPC / THE PLANT,,21759   ERWIN STREET   SUITE #21757A,WOODLAND HILLS,91367-3608,21759 ERWIN 91367-3608,642   PALOMAR STREET   SUITE #406422,CHULA VISTA,91911-2626,3,10/30/2006,"(34.1829, -118.6032)"
0002645041-0001-1,A2Z NATIONWIDE SECURITY INC,,,6262 RESEDA BLVD APT #207,TARZANA,91335-6940,6262 RESEDA 91335-6940,,,,3,10/24/2012,"(34.184, -118.536)"
0002219954-0001-1,"SO CAL THE SYNDICATE, INC.",THE SYNDICATE,,6322 FALLBROOK AVENUE,WOODLAND HILLS,91367-1603,6322 FALLBROOK 91367-1603,6520   PLATT AVENUE   #838,WEST HILLS,91307-3218,3,1/25/2007,"(34.1849, -118.6233)"
0002231006-0001-2,VALLEY HERBAL CENTER INC,,,14522   VICTORY BLVD,VAN NUYS,91411-1618,14522 VICTORY 91411-1618,,,,6,4/1/2007,"(34.1866, -118.4495)"
0003075923-0001-8,MAD ORGANIX LLC,,,6711   VALJEAN AVENUE,VAN NUYS,91406-5819,6711 VALJEAN 91406-5819,,,,6,1/1/2018,"(34.1924, -118.4864)"
0002256995-0001-3,GRANADA HILLS DISCOUNT FARMACY INC,,,6710   VAN NUYS BLVD   UNIT #A,VAN NUYS,91405-4646,6710 VAN NUYS 91405-4646,,,,6,6/29/2007,"(34.1925, -118.4482)"
0003067675-0001-9,BEARD BROS INC,,,11951   VOSE STREET,NORTH HOLLYWOOD,91605-4229,11951 VOSE 91605-4229,20415   HAYNES STREET,WINNETKA,91306-4229,3,1/1/2018,"(34.193, -118.5779)"
0002190496-0001-3,PLATINUM CLUB INC,PLATINUM CLUB,,18441   VANOWEN STREET,RESEDA,91335-5324,18441 VANOWEN 91335-5324,16045   SHERMAN WAY   UNIT #78,VAN NUYS,91406-4085,3,10/13/2006,"(34.1939, -118.5349)"
0002274712-0001-2,COMPASSION UNION INC,,,11669   VANOWEN STREET,NORTH HOLLYWOOD,91605-6131,11669 VANOWEN 91605-6131,,,,2,9/13/2007,"(34.1942, -118.3867)"
0002255629-0001-4,HARBOR CAREGIVERS INC,CANNASSEUR'S CLUB,,11307   VANOWEN STREET,NORTH HOLLYWOOD,91605-6321,11307 VANOWEN 91605-6321,,,,2,6/25/2007,"(34.1943, -118.3771)"
0003086490-0001-2,KOLOR KONCEPT INC,ROOTS & BUDZ,,11333   VANOWEN STREET,NORTH HOLLYWOOD,91605-6321,11333 VANOWEN 91605-6321,14040   RUNNYMEDE STREET,VAN NUYS,91405-2511,2,1/1/2018,"(34.1943, -118.3779)"
0003075604-0001-1,CAL STATE INVESTMENTS LLC,,,11255   VANOWEN STREET,NORTH HOLLYWOOD,91605-6318,11255 VANOWEN 91605-6318,2746   OPHELIA COURT,SIMI VALLEY,93063-6549,2,1/1/2018,"(34.1945, -118.3764)"
0003067655-0001-1,VARAVO,VARAVO,,11314   HARTLAND STREET,NORTH HOLLYWOOD,91605-6309,11314 HARTLAND 91605-6309,1344   BRUCE AVENUE,GLENDALE,91202-2035,2,1/1/2018,"(34.1949, -118.3778)"
0003067662-0001-1,ZASP,,,11308   HARTLAND STREET,NORTH HOLLYWOOD,91605-6309,11308 HARTLAND 91605-6309,,,,2,1/1/2018,"(34.1951, -118.3781)"
0003074712-0001-6,HAYVENHEALTH LLC,,,6907   HAYVENHURST AVENUE,VAN NUYS,91406-4632,6907 HAYVENHURST 91406-4632,,,,6,1/1/2018,"(34.1959, -118.493)"
0002173631-0001-4,"MISSION HILLS PATIENTS COLLECTIVE, INC",,,18446   HART STREET   UNIT #M1-M2,RESEDA,91335-4215,18446 HART 91335-4215,18446   HART STREET   UNIT #M1-M2,RESEDA,91335-4215,3,8/14/2006,"(34.1971, -118.5351)"
0002277718-0001-1,HUNTINGTON PATIENTS ASSOCIATION COOPERATIVE INC,,,7011   CANOGA AVENUE,CANOGA PARK,91303-2034,7011 CANOGA 91303-2034,,,,3,4/18/2011,"(34.1978, -118.5981)"
0003067560-0001-4,CANNABISCO INC,CANNAFUSIONS,,7022   DARBY AVENUE   UNIT #B,RESEDA,91335-4494,7022 DARBY 91335-4494,14425   SYLVAN STREET,VAN NUYS,91401-2649,3,1/1/2018,"(34.1979, -118.5333)"
0003069595-0001-2,MELROSE FACILITY MANAGEMENT LLC,,,7027   ETON AVENUE,CANOGA PARK,91303-2112,7027 ETON 91303-2112,7027 ETON AVENUE,CANOGA PARK,91303-2112,3,1/1/2018,"(34.1982, -118.5958)"
0003028216-0001-1,CSA LA LLC,CANNASAFE,,7027   HAYVENHURST AVENUE,VAN NUYS,91406-3802,7027 HAYVENHURST 91406-3802,7027   HAYVENHURST AVENUE   BUILDING,VAN NUYS,91406-3802,6,1/1/2018,"(34.1983, -118.493)"
0003069846-0001-3,FLUIDS MANUFACTURING INC,MAMMOTH DISTRIBUTION,,11941   VOSE STREET,NORTH HOLLYWOOD,91605-5750,11941 VOSE 91605-5750,21650 OXNARD STREET SUITE #1900,WOODLAND HILLS,91367-7801,2,1/1/2018,"(34.1985, -118.393)"
0000097184-0001-2,DADDY'S PIPES INC,DADDY'S DISPENSARY,,7040   HAYVENHURST AVENUE,VAN NUYS,91406-3801,7040 HAYVENHURST 91406-3801,14430   VENTURA BLVD,SHERMAN OAKS,91423-2607,6,4/15/2000,"(34.1986, -118.4918)"
0002770970-0001-0,CAPNA INC,,,7061   HAYVENHURST AVENUE,VAN NUYS,91406-3802,7061 HAYVENHURST 91406-3802,3940 LAUREL CANYON BLVD #1591,STUDIO CITY,91604-3709,6,9/1/2014,"(34.1993, -118.4928)"
0002262577-0001-0,CALIFORNIA'S FINEST COAST TO COAST INC,COAST TO COAST COLLECTIVE,,7127 CANOGA AVENUE,CANOGA PARK,91303-2035,7127 CANOGA 91303-2035,,,,3,5/7/2007,"(34.1998, -118.5977)"
0002235309-0001-0,CALIFORNIA'S CHOICE COLLECTIVE INC,,,7117   LAUREL CANYON BLVD,NORTH HOLLYWOOD,91605-5741,7117 LAUREL CANYON 91605-5741,12141 BEAUFAIT AVENUE,PORTER RANCH,91326-1149,2,3/23/2007,"(34.1999, -118.3971)"
0002228941-0001-2,HEALTHY HERBAL CARE INC,HHC,,7123 SEPULVEDA BLVD,VAN NUYS,91405-2930,7123 SEPULVEDA 91405-2930,,,,6,2/28/2007,"(34.1999, -118.4662)"
0003067479-0001-1,ASCELPIUS INCORPORATED,STONEBREAKER,,7127   VINELAND AVENUE   UNIT #5,NORTH HOLLYWOOD,91605-6423,7127 VINELAND 91605-6423,1550   LEIGH AVENUE,SAN JOSE,95125-5301,2,1/1/2018,"(34.2002, -118.3707)"
0003070817-0001-8,STRATHERN PROJECT FACILITIES LLC,,,15759   STRATHERN STREET,VAN NUYS,91406-1311,15759 STRATHERN 91406-1311,21200   KITTRIDGE STREET,WOODLAND HILLS,91303-2870,6,1/1/2018,"(34.2006, -118.4871)"
0002273685-0001-6,FOUNTAIN OF WELLBEING A COOPERATIVE CORPORATION,FOUNTAIN OF WELL BEING,,7231 HINDS AVENUE,NORTH HOLLYWOOD,91605-3702,7231 HINDS 91605-3702,7231   HINDS AVENUE,NORTH HOLLYWOOD,91605-3702,2,9/1/2007,"(34.2017, -118.391)"
0003068067-0001-2,"VSV MUTUAL GROUP, INC.",,,7222   HINDS AVENUE,NORTH HOLLYWOOD,91605-3701,7222 HINDS 91605-3701,,,,2,1/1/2018,"(34.2018, -118.3908)"
0002239633-0001-7,"DIVINE WELLNESS CENTER, INC",,,7246 ETON AVENUE,CANOGA PARK,91303-1505,7246 ETON 91303-1505,,,,3,4/1/2007,"(34.2018, -118.5954)"
0003077104-0001-4,AAA STARS ALLIANCE LLC,,,13131   SHERMAN WAY   #300,NORTH HOLLYWOOD,91605-4783,13131 SHERMAN 91605-4783,,,,2,1/1/2018,"(34.2022, -118.4193)"
0002257223-0001-9,EIGHT ONE EIGHT COLLECTIVE,,,7232 SEPULVEDA BLVD,VAN NUYS,91405-2005,7232 SEPULVEDA 91405-2005,,,,14,7/2/2007,"(34.2022, -118.4661)"
0002240228-0001-4,GREEN DRAGON CAREGIVERS INC,GREEN DRAGON,,7236 VARNA AVENUE,NORTH HOLLYWOOD,91605-4102,7236 VARNA 91605-4102,,,,2,4/15/2007,"(34.2024, -118.4247)"
0003079584-0001-1,"MARIJAYE, A COOPERATIVE CORPORATION",,,16117   WYANDOTTE STREET,VAN NUYS,91406-3423,16117 WYANDOTTE 91406,5157   ANGELES VISTA BLVD,VIEW PARK,90043-1730,6,1/1/2018,"(34.2033, -118.4843)"
0003075494-0001-7,GETTY ANALYTICAL LLC,,,16123   WYANDOTTE STREET,VAN NUYS,91406-3423,16123 WYANDOTTE 91406-3423,,,,6,1/1/2018,"(34.2033, -118.4845)"
0003067483-0002-5,"VITA VIRIDIS, INC",,,7315   FULTON AVENUE,NORTH HOLLYWOOD,91605-4114,7315 FULTON 91605-4114,,,,2,1/1/2018,"(34.2036, -118.4231)"
0003072663-0001-6,SPENCER WONG,,,16121   LEADWELL STREET,VAN NUYS,91406-3417,16121 LEADWELL 91406-3417,,,,6,1/1/2018,"(34.2042, -118.4845)"
0003067436-0001-2,HTC SOLUTIONS INC.,HTC SOLUTIONS,,7418   LAUREL CANYON BLVD,NORTH HOLLYWOOD,91605-3134,7418 LAUREL CANYON 91605-3134,,,,2,1/1/2018,"(34.2053, -118.3961)"
0003075847-0001-5,RANAJIT CHAUDHURY,,,7419   GREENBUSH AVENUE,NORTH HOLLYWOOD,91605-4006,7419 GREENBUSH 91605-4006,,,,2,1/1/2018,"(34.2054, -118.4266)"
0003076052-0001-8,ANAT GROUP INC,,,7463   VARNA AVENUE,NORTH HOLLYWOOD,91605-4011,7463 VARNA 91605-4011,23371   MULHOLLAND DRIVE   FLOOR #2,WOODLAND HILLS,91364-2734,2,1/1/2018,"(34.2066, -118.4253)"
0003068072-0001-3,PEARL PHARMA INC,,,16146   COVELLO STREET,VAN NUYS,91406-2910,16146 COVELLO 91406-2910,14950 DELANO STREET,VAN NUYS,91411-2122,6,1/1/2018,"(34.2073, -118.4853)"
0003072744-0002-0,CALIGREEN LABORATORY,,,"13340   SATICOY STREET   UNIT #H, I, J",NORTH HOLLYWOOD,91605-7635,13340 SATICOY 91605-7635,,,,2,1/1/2018,"(34.2076, -118.424)"
0002244476-0001-9,KUSHISM INC,KUSHISM,,7555 WOODLEY AVENUE,VAN NUYS,91406-2930,7555 WOODLEY 91406-2930,,,,6,5/7/2007,"(34.2078, -118.4836)"
0002257519-0001-7,GREEN PLANT THERAPY INC,,,18438   SATICOY STREET W,RESEDA,91335-2910,18438 SATICOY 91335-2910,18534   DEVONSHIRE     SUITE #331,NORTHRIDGE,91324-0000,3,7/1/2007,"(34.2082, -118.5351)"
0003087096-0001-4,SCIAGRI,,,7532   ATOLL AVENUE,NORTH HOLLYWOOD,91605-1905,7532 ATOLL 91605-1905,922 E ANGELENO AVENUE,BURBANK,91501-1419,2,1/1/2018,"(34.2085, -118.4205)"
0003068114-0001-9,SENSI FLORA,,,13740   SATICOY STREET,PANORAMA CITY,91402-6518,13740 SATICOY 91402-6518,10400 GAYNOR AVENUE,GRANADA HILLS,91344-7024,6,1/1/2018,"(34.2095, -118.4324)"
0002231724-0001-8,HERBAL RELIEF CAREGIVERS INC,HERBAL RELIEF CAREGIVERS,,7648 CLYBOURN AVENUE #A,SUN VALLEY,91352-4622,7648 CLYBOURN 91352-4622,7648 CLYBOURN AVENUE #A,SUN VALLEY,91352-4628,2,2/15/2007,"(34.21, -118.3634)"
0003067481-0001-8,FOREIGN GENETICS INC,,,14646   KESWICK STREET,VAN NUYS,91405-1236,14646 KESWICK 91405-1236,3000   DONA NENITA PLACE,STUDIO CITY,91604-4328,6,1/1/2018,"(34.2102, -118.4522)"
0003081477-0001-1,VILLAGE FLORA INC,,,7628   SAN FERNANDO ROAD,SUN VALLEY,91352-4347,7628 SAN FERNANDO 91352-4347,,,,2,1/1/2018,"(34.2104, -118.355)"
0002189179-0001-4,WESTSIDE CAREGIVERS CLUB INC,DOSIST WS | WESTSIDE CAREGIVERS CLUB,,7731   HAYVENHURST AVENUE,VAN NUYS,91406-1730,7731 HAYVENHURST 91406-1730,7022 VALJEAN AVENUE,VAN NUYS,91406-3914,6,10/6/2006,"(34.211, -118.4937)"
0003068076-0001-1,CHASE MEDICAL ASSISTING AND SUPPLIES INC,,,7736   DENSMORE AVENUE,VAN NUYS,91406-1919,7736 DENSMORE 91406-1919,14950   DELANO STREET,VAN NUYS,91411-2122,6,1/1/2018,"(34.2114, -118.477)"
0003067493-0001-1,"CROWN GENETICS, LLC",,,7742   DENSMORE AVENUE,VAN NUYS,91406-1919,7742 DENSMORE 91406-1919,,,,6,1/1/2018,"(34.2116, -118.4763)"
0002243160-0001-6,"THE GREEN EARTH FARMACIE, INC",,,7756 BURNET AVENUE,VAN NUYS,91405-1007,7756 BURNET 91405-1007,7760 BURNET AVENUE,VAN NUYS,91405-1007,6,4/30/2007,"(34.2118, -118.4625)"
0002446971-0001-2,KINDER UNDERSTANDING SENSITIVE HEALING COLLECTIVE INC,KUSH COLLECTIVE,,16770 STAGG STREET,VAN NUYS,91406-1635,16770 STAGG 91406-1635,,,,6,1/19/2006,"(34.2131, -118.4976)"
0003075567-0001-8,STAGG PROJECT FACILITIES LLC,,,16868   STAGG STREET,VAN NUYS,91406-1636,16868 STAGG 91406-1636,633 W 5TH STREET   FLOOR #26TH,LOS ANGELES,90071-2005,6,1/1/2018,"(34.2131, -118.5003)"
0003068094-0002-8,ELSA ENTERPRISES INC,,,10648   ARMINTA STREET,SUN VALLEY,91352-4620,10648 ARMINTA 91352-4620,,,,2,1/1/2018,"(34.2136, -118.3634)"
0003067433-0001-9,CANNA SCIENCE LABS,,,7857   BURNET AVENUE,VAN NUYS,91405-1010,7857 BURNET 91405-1010,,,,6,1/1/2018,"(34.2137, -118.4632)"
0003044905-0001-3,ECHSEN INDUSTRIES LLC,,,14715   ARMINTA STREET,VAN NUYS,91402-5903,14715 ARMINTA 91402-5903,28531   SILVERTON DRIVE,LAGUNA NIGUEL,92677-1452,6,1/1/2018,"(34.2139, -118.4536)"
0003085840-0001-0,YHLA CULTIVATION LLC,,,14747   ARMINTA STREET,PANORAMA CITY,91402-5903,14747 ARMINTA 91402,1812 W BURBANK BLVD,BURBANK,91506-1315,6,1/1/2018,"(34.214, -118.4543)"
0003068162-0001-8,RJRC LLC,,,7931   DEERING AVENUE,CANOGA PARK,91304-5008,7931 DEERING 91304-5008,,,,3,1/1/2018,"(34.2144, -118.5955)"
0003074625-0001-5,REMMET FACILITIES LLC,,,8010   REMMET AVENUE,CANOGA PARK,91304-4127,8010 REMMET 91304-4127,,,,3,1/1/2018,"(34.2159, -118.6001)"
0002256972-0001-2,DISCOUNT CAREGIVERS,DC COLLECTIVE | DC COLLECTIVE & CLOUD 9 DISTRIBUTION,,8053 DEERING AVENUE,CANOGA PARK,91304-5011,8053 DEERING 91304-5011,,,,3,6/29/2007,"(34.2164, -118.595)"
0003217121-0001-1,JOSELITO SANTIAGO,,,8030 VENTURA CANYON AVENUE,PANORAMA CITY,91402-6313,8030 Ventura Canyon 91402-6313,,,,6,1/1/2016,"(34.2168, -118.4284)"
0002269618-0001-1,NORTH HOLLYWOOD COMPASSIONATE CAREGIVERS INC,,,8085   WEBB AVENUE,NORTH HOLLYWOOD,91605-1505,8085 WEBB 91605-1505,,,,6,8/23/2007,"(34.2177, -118.3899)"
0003076227-0001-6,PHYTO GROUP LLC,,,8115   LANKERSHIM BLVD,NORTH HOLLYWOOD,91605-1612,8115 LANKERSHIM 91605-1612,,,,6,11/17/2020,"(34.2181, -118.3884)"
0003080816-0001-0,PROBIOTECK,,,8110   LANKERSHIM BLVD,N HOLLYWOOD,91605-1611,8110 LANKERSHIM 91605-1611,13223   VENTURA BLVD   SUITE #G,STUDIO CITY,91604-1801,6,1/1/2018,"(34.2187, -118.3873)"
0002112599-0001-9,CIRCLE OF HOPE ALLIANCE,BLUE GATE/ CIRCLE OF HOPE ALLIANCE,,16901   ROSCOE BLVD,NORTHRIDGE,91343-6112,16901 ROSCOE 91343-6112,,,,12,3/1/2006,"(34.2216, -118.5012)"
0002209814-0001-1,BOO-KU C.C. INC,EXHALENCE,,10467   ROSCOE BLVD,SUN VALLEY,91352-4101,10467 ROSCOE 91352-4101,22501 FRIAR STREET,WOODLAND HILLS,91367-1716,6,10/26/2006,"(34.2221, -118.36)"
0002195358-0001-6,K.U.S.H ALLEY INC,KUSH ALLEY INC,,16733   SCHOENBORN STREET,NORTH HILLS,91343-6107,16733 SCHOENBORN 91343-6107,16733   SCHOENBORN STREET,NORTH HILLS,91343-6107,12,10/1/2006,"(34.2229, -118.4978)"
0003067747-0001-5,GREEN LION GROUP CORPORATION,,,8420   LANKERSHIM BLVD,SUN VALLEY,91352-3124,8420 LANKERSHIM 91352-3124,1050   CORNELL AVENUE,ALBANY,94706-2304,6,1/1/2018,"(34.2235, -118.3874)"
0003071538-0001-2,"THE RX DEPOT GROUP, INC.",,,8516   SAN FERNANDO ROAD,SUN VALLEY,91352-3110,8516 SAN FERNANDO 91352-3110,8516 SAN FERNANDO ROAD,SUN VALLEY,91352-3110,6,1/1/2018,"(34.2247, -118.3758)"
0003155968-0001-8,SUNSET BUSINESS SOLUTIONS INC,THE SET NORTHRIGE,,8503 RESEDA BLVD,NORTHRIDGE,91324-4629,8503 RESEDA 91324-4629,,,,14,4/14/2021,"(34.2247, -118.5362)"
0003068067-0002-1,"VSV MUTUAL GROUP, INC.",,,11375   LUDDINGTON STREET,SUN VALLEY,91352-3107,11375 LUDDINGTON 91352-3107,,,,6,1/1/2018,"(34.2251, -118.3794)"
0003075989-0001-7,GREEN SPECTRUM TRADING INC,,,8541   LANKERSHIM BLVD,SUN VALLEY,91352-3127,8541 LANKERSHIM 91352-3127,,,,6,1/1/2018,"(34.2251, -118.3885)"
0002275034-0001-9,CANA ROOTS,KUSH KORNER CAREGIVERS,,11045   SHERMAN WAY,SUN VALLEY,91352-1352,11045 SHERMAN 91352-1352,,,,6,9/13/2007,"(34.2254, -118.376)"
0003073963-0001-8,HIT IT ONCE INC,,,11176   PENROSE STREET   #1,SUN VALLEY,91352-2752,11176 PENROSE 91352-2752,,,,6,1/1/2018,"(34.2269, -118.3743)"
0002247944-0001-1,HOLISTIC ALTERNATIVE INC. #57/D,,,18306   EDDY STREET,NORTHRIDGE,91325-3314,18306 EDDY 91325-3314,18306 EDDY STREET,NORTHRIDGE,91325-3314,12,4/17/2007,"(34.2273, -118.5319)"
0003068108-0001-3,CALIFORNIA CANNABIS TESTING LABS,,,18417   BRYANT STREET,NORTHRIDGE,91325-3309,18417 BRYANT 91325-3309,,,,12,1/1/2018,"(34.2276, -118.5346)"
0002202307-0001-0,COMPASSIONATE PATIENT RESOURCES INC,CPR,,18526   PARTHENIA STREET,NORTHRIDGE,91324-4025,18526 PARTHENIA 91324-4025,,,,12,11/22/2006,"(34.2279, -118.5371)"
0003158782-0001-3,NORTH HILLS SOCIETY LLC,CANNALOVE,,8660   WOODLEY AVENUE   #108,NORTH HILLS,91343-5740,8660 WOODLEY 91343-5740,,,,12,5/20/2021,"(34.2281, -118.4848)"
0003068120-0001-4,18401 ENTERPRISES INC,,,18401   EDDY STREET,NORTHRIDGE,91325-3315,18401 EDDY 91325-3315,,,,12,1/1/2018,"(34.2282, -118.534)"
0002245715-0002-2,VENICE CAREGIVER FOUNDATION INC,MEDMEN SUN VALLEY,,8724   BRADLEY AVENUE,SUN VALLEY,91352-2701,8724 BRADLEY 91352-2701,10115   JEFFERSON BLVD,CULVER CITY,90232-3519,6,1/1/2018,"(34.2284, -118.3738)"
0003067690-0001-3,TAMARACK VALLEY PARTNERS LLC,,,8620   TAMARACK AVENUE,SUN VALLEY,91352-2504,8620 TAMARACK 91352-2504,6232   MCLAREN AVENUE,WOODLAND HILLS,91367-1615,6,1/1/2018,"(34.2286, -118.3848)"
0003067469-0001-7,GROWWELL LLC,GROWWELL,,11661   PENDLETON STREET,SUN VALLEY,91352-2502,11661 PENDLETON 91352-2502,,,,6,1/1/2018,"(34.2289, -118.387)"
0003069674-0002-7,BEACHWOOD INDUSTRIES LLC,,,11618   PENDLETON STREET,SUN VALLEY,91352-2501,11618 PENDLETON 91352-2501,3347 N KNOLL DRIVE,LOS ANGELES,90068-1519,6,1/1/2018,"(34.229, -118.3854)"
0003067645-0001-8,PUNCH MEDIA LLC,PUNCH EDIBLES,,8724   REMMET AVENUE,CANOGA PARK,91304-1518,8724 REMMET 91304-1518,,,,3,1/1/2018,"(34.229, -118.5998)"
0003017491-0002-8,TOWER 26 INC,,,8826   BRADLEY AVENUE,SUN VALLEY,91352-2703,8826 BRADLEY 91352-2703,,,,6,1/1/2018,"(34.23, -118.3754)"
0003068055-0001-0,VRX ENTERPRISES LLC,,,11300   TUXFORD STREET,SUN VALLEY,91352-2636,11300 TUXFORD 91352-2636,708   PALM DRIVE,GLENDALE,91202-2142,6,1/1/2018,"(34.2301, -118.3767)"
0003075532-0001-4,SERGIO CAMACHO,,,8877   NORRIS AVENUE,SUN VALLEY,91352-2739,8877 NORRIS 91352-2739,,,,6,1/1/2018,"(34.2302, -118.3741)"
0003075129-0001-0,CERES PROJECT FACILITIES LLC,,,19425 LONDELIUS STREET,NORTHRIDGE,91324-3512,19425 LONDELIUS 91324-3512,9909   TOPANGA CANYON BLVD   #192,CHATSWORTH,91311-3602,12,1/1/2018,"(34.2303, -118.5569)"
0003218503-0001-2,SACRED TREE 365 LLC,,,20660 BAHAMA STREET,CHATSWORTH,91311-6101,20660 Bahama 91311-6101,23601 WILDWOOD CANYON ROAD,NEWHALL,91321-3810,3,1/1/2018,"(34.2314, -118.5838)"
0003070843-0001-1,RAZO VENTURES,CHOCOLATE HAUS,,8979   SAN FERNANDO ROAD,SUN VALLEY,91352-1410,8979 SAN FERNANDO 91352-1410,8454   GRENOBLE STREET,SUNLAND,91040-2816,6,1/1/2018,"(34.2317, -118.3865)"
0002184569-0001-7,"SUPERIOR HERBAL HEALTH, LLC",THE CLINIK,,20447   NORDHOFF STREET,CHATSWORTH,91311-6112,20447 NORDHOFF 91311-6112,7119 W SUNSET BLVD   UNIT #605,LOS ANGELES,90046-4411,12,10/1/2006,"(34.2325, -118.5794)"
0003069843-0001-0,GREGORY YAKUBOVICH,,,21418   OSBORNE STREET,CANOGA PARK,91304-1520,21418 OSBORNE 91304-1520,21418   OSBORNE STREET,CANOGA PARK,91304-1520,3,1/1/2018,"(34.2333, -118.5984)"
0003075472-0001-1,GL420 ENTERPRISE INC,,,9000   WINNETKA AVENUE,NORTHRIDGE,91324-3235,9000 WINNETKA 91324-3235,,,,12,1/1/2018,"(34.2336, -118.5704)"
0002653063-0001-0,MHI BILL INC,,,21434 OSBORNE STREET,CANOGA PARK,91304-1520,21434 OSBORNE 91304-1520,22647   VENTURA BLVD   UNIT #331,WOODLAND HILLS,91364-1416,3,6/1/2012,"(34.2336, -118.598)"
0003069651-0001-8,TGB CONSULTING LLC,THEGROWBROTHERS,,9000   OWENSMOUTH AVENUE,WEST HILLS,91304-1416,9000 OWENSMOUTH 91304-1416,1307   GRAYNOLD AVENUE,GLENDALE,91202-2040,3,1/1/2018,"(34.2338, -118.6013)"
0003071032-0001-4,"PUBLIC ONLY SERVICES, INC",,,21350   NORDHOFF STREET   UNIT #101,CHATSWORTH,91311-6907,21350 NORDHOFF 91311-6907,,,,3,1/1/2018,"(34.2345, -118.5965)"
0003069844-0001-4,HANNAH ASHBY,,,21825   NORDHOFF STREET,CHATSWORTH,91311-5712,21825 NORDHOFF 91311-5712,26500 AGOURA ROAD #101-221,CALABASAS,91302-1952,12,1/1/2018,"(34.2359, -118.6036)"
0003081936-0001-2,TOTAL ACCOUNTABILITY VENTURES INC,,,20801   NORDHOFF STREET   UNIT #C,CHATSWORTH,91311-5925,20801 NORDHOFF 91311-5925,10351   SANTA MONICA BLVD   SUITE #420,LOS ANGELES,90025-6935,12,1/1/2018,"(34.236, -118.5868)"
0002034460-0002-9,ROBERTSON CAREGIVERS BEVERLYWOOD,,,12800   WENTWORTH STREET,ARLETA,91331-4331,12800 WENTWORTH 91331-4331,,,,6,9/1/2007,"(34.2362, -118.4116)"
0003075896-0001-9,LESHEM ENTERPRISES LLC,,,9215   CRANFORD AVENUE,ARLETA,91331-4309,9215 CRANFORD 91331-4309,6743   FULTON AVENUE,VAN NUYS,91401-1224,6,1/1/2018,"(34.2368, -118.413)"
0002174190-0001-8,"UNIVERSAL HERBAL CENTER, LLC",THE MARIJUANA FACTORY,,9155   DEERING AVENUE,CHATSWORTH,91311-5802,9155 DEERING 91311-5802,9155   DEERING AVENUE,CHATSWORTH,91311-5802,12,8/15/2006,"(34.2368, -118.5962)"
0002987257-0001-5,MAGENDA INC,,,9309   BORDEN AVENUE,SUN VALLEY,91352-2036,9309 BORDEN 91352-2036,10878   BLOOMFIELD STREET   UNIT #405,TOLUCA LAKE,91602-2229,6,6/6/2016,"(34.2378, -118.37)"
0002925665-0002-8,SO CAL DISCOUNT MEDICAL SUPPLY INC,,,9313   BORDEN AVENUE      #,SUN VALLEY,91352-2036,9313 BORDEN 91352-2036,9018   BALBOA BLVD   UNIT #418,NORTHRIDGE,91325-2610,6,1/1/2018,"(34.2379, -118.3695)"
0003067647-0001-7,PLAN B VISION,PLAN B VISION,,11737   WICKS STREET,SUN VALLEY,91352-1518,11737 WICKS 91352-1518,324 S BEVERLY DRIVE #586,BEVERLY HILLS,90212-4801,6,1/1/2018,"(34.238, -118.3888)"
0002183557-0001-7,SUN VALLEY CAREGIVERS INC,SVC11000,,11000   RANDALL STREET,SUN VALLEY,91352-2653,11000 RANDALL 91352-2653,,,,6,10/16/2006,"(34.2382, -118.3697)"
0003068089-0001-9,TRUE CLASSIC PRODUCTION LLC,TRUE CLASSIC OG,,9320   MASON AVENUE,CHATSWORTH,91311-5201,9320 MASON 91311-5201,4249   COLFAX AVENUE,STUDIO CITY,91604-2930,12,1/1/2018,"(34.2401, -118.5792)"
0002207291-0001-3,NORTHRIDGE CAREGIVERS CO-OP INC,HCMA,,11826   SHELDON STREET,SUN VALLEY,91352-1507,11826 SHELDON 91352-1507,7039   JELLICO AVENUE,VAN NUYS,91406-3525,6,12/8/2006,"(34.2409, -118.39)"
0002198520-0001-7,ORIGINAL BALBOA CAREGIVERS INC,HAVANA GREEN,,9419   MASON AVENUE,CHATSWORTH,91311-5204,9419 MASON 91311-5204,POST OFFICE BOX #9301,CALABASAS,91372-9301,12,11/30/2006,"(34.2413, -118.581)"
0003067652-0001-8,NASCIENT I LLC,,,9419   MASON AVENUE   #C,CHATSWORTH,91311-5204,9419 MASON 91311-5204,,,,12,1/1/2018,"(34.2413, -118.581)"
0003128227-0001-4,ALTERNATIVE RESEARCH GROUP,GREEN LABEL RX,,9448   TOPANGA CANYON BLVD,CHATSWORTH,91311-5730,9448 TOPANGA CANYON 91311-5730,2085   PASEO AZUL,SAN DIMAS,91773-3990,12,1/1/2018,"(34.2422, -118.6055)"
0002767139-0001-5,STEPHEN WASEN,,,9503 CLYBOURN AVENUE,SUN VALLEY,91352-1622,9503 CLYBOURN 91352-1622,,,,7,8/5/2014,"(34.2434, -118.3693)"
0003055709-0002-7,"GREENEYES FARMS, INC.",,,9535   OWENSMOUTH AVENUE   #C/D/E,CHATSWORTH,91311-4809,9535 OWENSMOUTH 91311-4809,,,,12,1/1/2018,"(34.2437, -118.603)"
0003071173-0001-1,CONCENTRATED SERVICES LLC,,,11677   SHELDON STREET,SUN VALLEY,91352-1504,11677 SHELDON 91352-1504,,,,6,1/1/2018,"(34.2444, -118.387)"
0003074108-0001-1,A-Z COMMUNICATIONS INC,KUSHCO,,9611 CANOGA AVENUE,CHATSWORTH,91311-4115,9611 CANOGA 91311-4115,,,,12,1/1/2018,"(34.2445, -118.5989)"
0002248388-0002-1,VALLEY HEALTH CENTER COLLECTIVE INC,,,9752   GLENOAKS BLVD,SUN VALLEY,91352-1014,9752 GLENOAKS 91352-1014,,,,6,3/1/2007,"(34.247, -118.3844)"
0002237919-0001-7,PATIENTS CORP,FOOTHILL WELLNESS CENTER,,7132   FOOTHILL BLVD,TUJUNGA,91042-2717,7132 FOOTHILL 91042-2717,7132   FOOTHILL BLVD,TUJUNGA,91042-2717,7,4/18/2011,"(34.2479, -118.2873)"
0002850246-0001-1,WONDERLAND OASIS INC,SUGARBUDZ,,9830   SAN FERNANDO ROAD,PACOIMA,91331-2636,9830 SAN FERNANDO 91331-2636,,,,7,5/7/2007,"(34.25, -118.4034)"
0003075806-0001-6,ILLUMICAN SCIENTIFIC INC,,,9870   SAN FERNANDO ROAD   #101,PACOIMA,91331-2665,9870 SAN FERNANDO 91331-2665,,,,7,1/1/2018,"(34.2505, -118.4041)"
0000460382-0001-1,STONEY POINT COLLECTIVE INC,J CALSO DEVLOPMENT,,9851   TOPANGA CANYON BLVD,CHATSWORTH,91311-4006,9851 TOPANGA CANYON 91311-4006,1662   WATERLOO STREET,LOS ANGELES,90026-2423,12,9/9/2006,"(34.2505, -118.6062)"
0003158838-0001-1,REVO GROUP LLC,,,10125 SEPULVEDA BLVD,MISSION HILLS,91345-2613,10125 Sepulveda 91345-2613,,,,14,6/22/2021,"(34.2544, -118.4678)"
0003085979-0001-0,AAA MEDICAL SUPPLY,,,10275   GLENOAKS BLVD   UNIT #2,PACOIMA,91331-6690,10275 GLENOAKS 91331-6690,9018   BALBOA BLVD   UNIT #418,NORTHRIDGE,91325-2610,7,1/1/2018,"(34.2568, -118.3957)"
0003082641-0001-6,TOP HAT DERBY INC,,,12201   MONTAGUE STREET,PACOIMA,91331-2212,12201 MONTAGUE 91331-2212,23679   CALABASAS ROAD,CALABASAS,91302-1502,7,1/1/2018,"(34.2571, -118.3992)"
0002215717-0001-4,WELLNESS CAREGIVERS COLLECTIVE,WEST COAST HOLISTIC CENTER,,15460   DEVONSHIRE STREET,MISSION HILLS,91345-2619,15460 DEVONSHIRE 91345-2619,,,,7,1/9/2007,"(34.2572, -118.4692)"
0002112381-0001-2,STRAIN BALBOA CAREGIVERS INC,SFV DELIVERS,,21627 DEVONSHIRE STREET #B,CHATSWORTH,91311-2902,21627 DEVONSHIRE 91311-2902,,,,12,5/1/2006,"(34.2572, -118.5999)"
0002262794-0001-0,NATURAL AID PHARMACY A COOPERATIVE CORPORATION,NATURAL AID PHARMACY,,8124   FOOTHILL BLVD,SUNLAND,91040-2941,8124 FOOTHILL 91040-2941,,,,7,7/27/2007,"(34.2594, -118.3101)"
0002232461-0001-1,HERBAL PAIN RELIEF CENTER INC,,,10736 SEPULVEDA BLVD,MISSION HILLS,91345-1904,10736 SEPULVEDA 91345-1904,,,,7,3/13/2007,"(34.2648, -118.4671)"
0003167476-0001-2,GE GRANADA HILLS INC,GREEN EARTH GRANADA HILLS,,17719 CHATSWORTH STREET,GRANADA HILLS,91344-5604,17719 Chatsworth 91344-5604,,,,12,12/16/2019,"(34.2652, -118.5205)"
0003067633-0001-5,LEGACY HCS LLC,,,11255   ILEX AVENUE,PACOIMA,91331-2725,11255 ILEX 91331-2725,,,,7,1/1/2018,"(34.2742, -118.4332)"
0003067615-0002-5,MVN PRODUCTIONS LLC,,,13546   DESMOND STREET,PACOIMA,91331-2315,13546 DESMOND 91331-2315,21781   VENTURA BLVD   SUITE #432,WOODLAND HILLS,91364-1835,7,1/1/2018,"(34.275, -118.4272)"
0003067615-0001-7,MVN PRODUCTIONS LLC,,,13540   DESMOND STREET,PACOIMA,91331-2315,13540 DESMOND 91331-2315,,,,7,1/1/2018,"(34.2752, -118.4268)"
0003069825-0001-1,ANGEL CITY FARMERS COOPERATIVE CORPORATION,,,13541   DESMOND STREET,PACOIMA,91331-2316,13541 DESMOND 91331-2316,19360   RINALDI STREET   UNIT #388,PORTER RANCH,91326-1607,7,1/1/2018,"(34.2759, -118.4278)"
0003068285-0001-7,GREEN KISS FARMS LLC,,,11378   EL DORADO AVENUE,SAN FERNANDO,91340-3413,11378 EL DORADO 91340-3413,,,,7,1/1/2018,"(34.277, -118.4362)"
0002176979-0001-1,HERBAL REMEDIES CAREGIVERS INC,,,12423   GLADSTONE AVENUE,SYLMAR,91342-5339,12423 GLADSTONE 91342-5339,12423 GLADSTONE AVENUE UNIT #15,SYLMAR,91342-5340,7,9/1/2006,"(34.2953, -118.4127)"
0002118901-0001-6,SAN FERNANDO VALLEY PATIENTS COOPERATIVE A NON PROFIT CORPORATION,SAN FERNANDO VALLEY PATIENTS COOPERATIVE,,12527   SAN FERNANDO ROAD,SYLMAR,91342-5023,12527 SAN FERNANDO 91342-5023,POST OFFICE BOX #2482,NORTH HILLS,91393-2482,7,5/15/2006,"(34.2975, -118.4579)"
0003081226-0001-1,SYLMAR DISCOUNT COLLECTIVE INC,,,12806 BRADLEY AVENUE,SYLMAR,91342-3827,12806 BRADLEY 91342-3827,,,,7,1/1/2018,"(34.3026, -118.4558)"
0002179615-0002-7,ZEN MEDICAL GARDEN CORPORATION,GREENLIGHT DISCOUNT PHARMACY,,15507 COBALT STREET UNIT #4,SYLMAR,91342-3563,15507 COBALT 91342-3563,,,,7,6/4/2007,"(34.307, -118.4695)"
0003067507-0001-4,TERRAFORM FARMS INC,TERRAFORM GENETICS,,13042   BRADLEY AVENUE,SYLMAR,91342-3831,13042 BRADLEY 91342-3831,,,,7,1/1/2018,"(34.3075, -118.4614)"
0002256875-0001-8,CANNATOPIA GARDENS,,,13509 HUBBARD STREET,SYLMAR,91342-4419,13509 HUBBARD 91342-4419,,,,7,6/29/2007,"(34.3099, -118.4274)"
0003075482-0001-4,UNIVERSAL NURSERY LOS ANGELES LLC,,,15850   MONTE STREET,SYLMAR,91342-3597,15850 MONTE 91342-3597,1058   IRVING AVENUE,GLENDALE,91201-4575,7,1/1/2018,"(34.3106, -118.4755)"
0003075540-0001-9,NIVA LABS LLC,,,13171   TELFAIR AVENUE   UNIT #B,SYLMAR,91342-3571,13171 TELFAIR 91342-3571,1158   WESLEY AVENUE,PASADENA,91104-3157,7,1/1/2018,"(34.3106, -118.4793)"
